policy,dataset,fault,budget,cases,top1,top3,top5,avg5,total_reduction,post_injection_trace_reduction,post_injection_span_reduction
abnormality_service_diversity,RE2-OB,cpu,0.05,15,0.0,0.8,1.0,0.68,0.44302571996203344,0.9499860703974149,0.9171401526589118
abnormality_service_diversity,RE2-OB,cpu,0.1,15,0.06666666666666667,0.7333333333333333,1.0,0.68,0.41970633623060755,0.899966773818713,0.837973652533529
abnormality_service_diversity,RE2-OB,cpu,0.25,15,0.06666666666666667,0.7333333333333333,1.0,0.68,0.34975074456703564,0.7500213178002959,0.6042426530486751
abnormality_service_diversity,RE2-OB,cpu,0.5,15,0.06666666666666667,0.8,1.0,0.6933333333333334,0.23316700329354717,0.5000369194928596,0.23914835170959936
abnormality_service_diversity,RE2-OB,cpu,1.0,15,0.06666666666666667,0.8,1.0,0.6933333333333334,0.0,0.0,0.0
abnormality_service_diversity,RE2-OB,delay,0.05,15,0.2,0.6,0.8666666666666667,0.6133333333333334,0.45551261406103266,0.9499959492070775,0.9111224089677005
abnormality_service_diversity,RE2-OB,delay,0.1,15,0.2,0.4666666666666667,0.8666666666666667,0.56,0.4315430194212027,0.9000099911545482,0.8391955759363718
abnormality_service_diversity,RE2-OB,delay,0.25,15,0.2,0.4666666666666667,0.9333333333333333,0.5466666666666667,0.35961687631139083,0.7499977109071058,0.6095360050730901
abnormality_service_diversity,RE2-OB,delay,0.5,15,0.2,0.4,0.9333333333333333,0.56,0.2397377621188352,0.5000012398733285,0.24779242918067265
abnormality_service_diversity,RE2-OB,delay,1.0,15,0.2,0.4666666666666667,0.9333333333333333,0.5733333333333334,0.0,0.0,0.0
abnormality_service_diversity,RE2-OB,disk,0.05,15,0.0,0.7333333333333333,1.0,0.6666666666666666,0.4653069930822955,0.949996731468197,0.9172012254366336
abnormality_service_diversity,RE2-OB,disk,0.1,15,0.06666666666666667,0.6666666666666666,1.0,0.6666666666666666,0.44081811950486843,0.8999979390068594,0.839009183118759
abnormality_service_diversity,RE2-OB,disk,0.25,15,0.2,0.8,1.0,0.7066666666666667,0.3673546545168708,0.7500036099896878,0.6027030241690178
abnormality_service_diversity,RE2-OB,disk,0.5,15,0.2,0.8,1.0,0.7200000000000001,0.24490548392511452,0.500001524894234,0.24884316119026376
abnormality_service_diversity,RE2-OB,disk,1.0,15,0.2,0.8,1.0,0.7066666666666667,0.0,0.0,0.0
abnormality_service_diversity,RE2-OB,loss,0.05,15,0.06666666666666667,0.4,0.8,0.48000000000000004,0.42015698407821406,0.9500024201686028,0.9128573161308221
abnormality_service_diversity,RE2-OB,loss,0.1,15,0.06666666666666667,0.4,0.8,0.4666666666666667,0.39804119697620793,0.9000021201374951,0.8323288544425103
abnormality_service_diversity,RE2-OB,loss,0.25,15,0.2,0.4,0.8666666666666667,0.5066666666666667,0.3316927272598941,0.7499890707731662,0.5712175207433757
abnormality_service_diversity,RE2-OB,loss,0.5,15,0.2,0.4666666666666667,0.8666666666666667,0.52,0.22112904420293583,0.4999765302531787,0.20906001621770562
abnormality_service_diversity,RE2-OB,loss,1.0,15,0.06666666666666667,0.4666666666666667,0.8666666666666667,0.49333333333333335,0.0,0.0,0.0
abnormality_service_diversity,RE2-OB,mem,0.05,15,0.0,0.5333333333333333,1.0,0.6,0.43745394936456433,0.9499976642716649,0.9164448548569218
abnormality_service_diversity,RE2-OB,mem,0.1,15,0.0,0.4666666666666667,1.0,0.56,0.414432567199911,0.9000121309832901,0.8368476876461901
abnormality_service_diversity,RE2-OB,mem,0.25,15,0.0,0.5333333333333333,1.0,0.5733333333333334,0.3453525865556123,0.7499949915623504,0.6000824512780236
abnormality_service_diversity,RE2-OB,mem,0.5,15,0.0,0.5333333333333333,1.0,0.5866666666666667,0.23023061629453093,0.49998970915784186,0.23603617530018658
abnormality_service_diversity,RE2-OB,mem,1.0,15,0.0,0.5333333333333333,1.0,0.5866666666666667,0.0,0.0,0.0
abnormality_service_diversity,RE2-OB,socket,0.05,15,0.06666666666666667,0.6,1.0,0.6266666666666667,0.46083282710236567,0.9499993448994547,0.9196261654683409
abnormality_service_diversity,RE2-OB,socket,0.1,15,0.06666666666666667,0.5333333333333333,1.0,0.6,0.43658295987581563,0.9000037671913605,0.8406403522580218
abnormality_service_diversity,RE2-OB,socket,0.25,15,0.06666666666666667,0.6666666666666666,0.9333333333333333,0.6,0.3638355267955895,0.7499970107243595,0.6012993877214001
abnormality_service_diversity,RE2-OB,socket,0.5,15,0.13333333333333333,0.8,1.0,0.6933333333333334,0.2425608304168315,0.49999952464764313,0.246646770721298
abnormality_service_diversity,RE2-OB,socket,1.0,15,0.13333333333333333,0.8,1.0,0.6933333333333334,0.0,0.0,0.0
abnormality_service_diversity,RE2-TT,cpu,0.05,15,0.8,0.9333333333333333,0.9333333333333333,0.9066666666666666,0.46734499415223113,0.9499857158990699,0.8538484798233882
abnormality_service_diversity,RE2-TT,cpu,0.1,15,0.8,0.9333333333333333,1.0,0.9333333333333333,0.44275436155024117,0.9000126232134942,0.7511917858207201
abnormality_service_diversity,RE2-TT,cpu,0.25,15,0.8,1.0,1.0,0.9600000000000001,0.3689438479515786,0.7499891483503079,0.48813530298410324
abnormality_service_diversity,RE2-TT,cpu,0.5,15,0.8666666666666667,1.0,1.0,0.9733333333333333,0.24596205419638645,0.4999586973230003,0.16281585559306416
abnormality_service_diversity,RE2-TT,cpu,1.0,15,0.8666666666666667,1.0,1.0,0.9733333333333333,0.0,0.0,0.0
abnormality_service_diversity,RE2-TT,delay,0.05,15,1.0,1.0,1.0,1.0,0.41541160558761553,0.9500610489873939,0.8998143822861217
abnormality_service_diversity,RE2-TT,delay,0.1,15,1.0,1.0,1.0,1.0,0.39353525767429437,0.9000547468054313,0.8434452336748703
abnormality_service_diversity,RE2-TT,delay,0.25,15,1.0,1.0,1.0,1.0,0.32789651046027757,0.7499813424704256,0.6524645626248443
abnormality_service_diversity,RE2-TT,delay,0.5,15,1.0,1.0,1.0,1.0,0.21860282749286405,0.49998345166976527,0.2536353707801562
abnormality_service_diversity,RE2-TT,delay,1.0,15,1.0,1.0,1.0,1.0,0.0,0.0,0.0
abnormality_service_diversity,RE2-TT,disk,0.05,15,0.7333333333333333,0.9333333333333333,0.9333333333333333,0.88,0.47101272235690445,0.9499587111228874,0.8781755761238301
abnormality_service_diversity,RE2-TT,disk,0.1,15,0.8,0.9333333333333333,0.9333333333333333,0.9066666666666666,0.4462556468791406,0.9000199757412326,0.7852576055243208
abnormality_service_diversity,RE2-TT,disk,0.25,15,0.8,0.9333333333333333,0.9333333333333333,0.9066666666666666,0.37183215890184257,0.7499376960938203,0.5632631872259772
abnormality_service_diversity,RE2-TT,disk,0.5,15,0.8,0.9333333333333333,0.9333333333333333,0.9066666666666666,0.247894371369029,0.49993718573449236,0.27105843506614374
abnormality_service_diversity,RE2-TT,disk,1.0,15,0.8,0.9333333333333333,1.0,0.92,0.0,0.0,0.0
abnormality_service_diversity,RE2-TT,loss,0.05,15,0.6666666666666666,0.8,1.0,0.7866666666666667,0.4602355885859936,0.9500202835135776,0.8875303413434481
abnormality_service_diversity,RE2-TT,loss,0.1,15,0.7333333333333333,0.8,0.8666666666666667,0.8133333333333332,0.4359903406260776,0.899977018896245,0.780431496496955
abnormality_service_diversity,RE2-TT,loss,0.25,15,0.7333333333333333,0.8666666666666667,0.8666666666666667,0.8266666666666667,0.363321306441782,0.7499961472538935,0.4944775701890765
abnormality_service_diversity,RE2-TT,loss,0.5,15,0.8,0.8666666666666667,1.0,0.9066666666666666,0.2422608539870693,0.4999729335332563,0.17076945255636852
abnormality_service_diversity,RE2-TT,loss,1.0,15,0.8,1.0,1.0,0.9333333333333333,0.0,0.0,0.0
abnormality_service_diversity,RE2-TT,mem,0.05,15,0.6666666666666666,0.8666666666666667,0.9333333333333333,0.8533333333333334,0.46607175216895147,0.9500013792619981,0.8775865946708875
abnormality_service_diversity,RE2-TT,mem,0.1,15,0.6666666666666666,0.8666666666666667,0.9333333333333333,0.8533333333333334,0.4415288859867413,0.9000031625287218,0.7691552335757511
abnormality_service_diversity,RE2-TT,mem,0.25,15,0.6666666666666666,1.0,1.0,0.92,0.36789757490228775,0.7500045009253458,0.4974949939519913
abnormality_service_diversity,RE2-TT,mem,0.5,15,0.8,1.0,1.0,0.9600000000000001,0.24527586878718644,0.5000091381236504,0.15864520933680432
abnormality_service_diversity,RE2-TT,mem,1.0,15,0.8,1.0,1.0,0.9600000000000001,0.0,0.0,0.0
abnormality_service_diversity,RE2-TT,socket,0.05,15,0.6,1.0,1.0,0.92,0.49735481351350913,0.9499946754471509,0.9023938685239316
abnormality_service_diversity,RE2-TT,socket,0.1,15,0.6666666666666666,1.0,1.0,0.9333333333333333,0.47118698890497807,0.900006901126177,0.7906479866224109
abnormality_service_diversity,RE2-TT,socket,0.25,15,0.7333333333333333,1.0,1.0,0.9466666666666667,0.39265744199380426,0.750030890542239,0.553844202205995
abnormality_service_diversity,RE2-TT,socket,0.5,15,0.7333333333333333,1.0,1.0,0.9466666666666667,0.2617843119812628,0.49999949940370725,0.22286609262327303
abnormality_service_diversity,RE2-TT,socket,1.0,15,0.7333333333333333,1.0,1.0,0.9466666666666667,0.0,0.0,0.0
abnormality_topk,RE2-OB,cpu,0.05,15,0.0,0.8,1.0,0.68,0.44302571996203344,0.9499860703974149,0.9157611797292363
abnormality_topk,RE2-OB,cpu,0.1,15,0.06666666666666667,0.7333333333333333,1.0,0.68,0.41970633623060755,0.899966773818713,0.8365827556610193
abnormality_topk,RE2-OB,cpu,0.25,15,0.06666666666666667,0.7333333333333333,1.0,0.68,0.34975074456703564,0.7500213178002959,0.6031413945097486
abnormality_topk,RE2-OB,cpu,0.5,15,0.06666666666666667,0.8,1.0,0.6933333333333334,0.23316700329354717,0.5000369194928596,0.23864374522295675
abnormality_topk,RE2-OB,cpu,1.0,15,0.06666666666666667,0.8,1.0,0.6933333333333334,0.0,0.0,0.0
abnormality_topk,RE2-OB,delay,0.05,15,0.2,0.6,0.8666666666666667,0.6133333333333334,0.45551261406103266,0.9499959492070775,0.9104984082053011
abnormality_topk,RE2-OB,delay,0.1,15,0.2,0.6,0.8666666666666667,0.5866666666666667,0.4315430194212027,0.9000099911545482,0.8386136514812321
abnormality_topk,RE2-OB,delay,0.25,15,0.2,0.4666666666666667,0.9333333333333333,0.5466666666666667,0.35961687631139083,0.7499977109071058,0.6090929398812105
abnormality_topk,RE2-OB,delay,0.5,15,0.2,0.4,0.9333333333333333,0.56,0.2397377621188352,0.5000012398733285,0.24738375633242182
abnormality_topk,RE2-OB,delay,1.0,15,0.2,0.4666666666666667,0.9333333333333333,0.5733333333333334,0.0,0.0,0.0
abnormality_topk,RE2-OB,disk,0.05,15,0.0,0.7333333333333333,1.0,0.6666666666666666,0.4653069930822955,0.949996731468197,0.916559645477401
abnormality_topk,RE2-OB,disk,0.1,15,0.06666666666666667,0.6666666666666666,1.0,0.6666666666666666,0.44081811950486843,0.8999979390068594,0.8382610544324034
abnormality_topk,RE2-OB,disk,0.25,15,0.2,0.8,1.0,0.7066666666666667,0.3673546545168708,0.7500036099896878,0.6023118736674339
abnormality_topk,RE2-OB,disk,0.5,15,0.2,0.8,1.0,0.7200000000000001,0.24490548392511452,0.500001524894234,0.24861641555919783
abnormality_topk,RE2-OB,disk,1.0,15,0.2,0.8,1.0,0.7066666666666667,0.0,0.0,0.0
abnormality_topk,RE2-OB,loss,0.05,15,0.06666666666666667,0.4,0.8,0.48000000000000004,0.42015698407821406,0.9500024201686028,0.9079422118437214
abnormality_topk,RE2-OB,loss,0.1,15,0.06666666666666667,0.4,0.8,0.4666666666666667,0.39804119697620793,0.9000021201374951,0.8279301258048392
abnormality_topk,RE2-OB,loss,0.25,15,0.2,0.4,0.8666666666666667,0.5066666666666667,0.3316927272598941,0.7499890707731662,0.5692947235609077
abnormality_topk,RE2-OB,loss,0.5,15,0.2,0.4666666666666667,0.8666666666666667,0.52,0.22112904420293583,0.4999765302531787,0.2085426296516649
abnormality_topk,RE2-OB,loss,1.0,15,0.06666666666666667,0.4666666666666667,0.8666666666666667,0.49333333333333335,0.0,0.0,0.0
abnormality_topk,RE2-OB,mem,0.05,15,0.0,0.5333333333333333,1.0,0.6133333333333334,0.43745394936456433,0.9499976642716649,0.9153641541587133
abnormality_topk,RE2-OB,mem,0.1,15,0.0,0.5333333333333333,1.0,0.5866666666666667,0.414432567199911,0.9000121309832901,0.8371230270781207
abnormality_topk,RE2-OB,mem,0.25,15,0.0,0.5333333333333333,1.0,0.5733333333333334,0.3453525865556123,0.7499949915623504,0.5983648962818058
abnormality_topk,RE2-OB,mem,0.5,15,0.0,0.5333333333333333,1.0,0.5866666666666667,0.23023061629453093,0.49998970915784186,0.23497769740091998
abnormality_topk,RE2-OB,mem,1.0,15,0.0,0.5333333333333333,1.0,0.5866666666666667,0.0,0.0,0.0
abnormality_topk,RE2-OB,socket,0.05,15,0.0,0.6,1.0,0.6133333333333334,0.46083282710236567,0.9499993448994547,0.919002083156495
abnormality_topk,RE2-OB,socket,0.1,15,0.0,0.5333333333333333,1.0,0.5866666666666667,0.43658295987581563,0.9000037671913605,0.840119053187005
abnormality_topk,RE2-OB,socket,0.25,15,0.06666666666666667,0.6666666666666666,0.9333333333333333,0.6,0.3638355267955895,0.7499970107243595,0.6010189820876499
abnormality_topk,RE2-OB,socket,0.5,15,0.13333333333333333,0.8,1.0,0.6933333333333334,0.2425608304168315,0.49999952464764313,0.24647458167105277
abnormality_topk,RE2-OB,socket,1.0,15,0.13333333333333333,0.8,1.0,0.6933333333333334,0.0,0.0,0.0
abnormality_topk,RE2-TT,cpu,0.05,15,0.6666666666666666,0.8,0.8,0.7733333333333333,0.4673249556449599,0.9499857158990699,0.8205124882508724
abnormality_topk,RE2-TT,cpu,0.1,15,0.6666666666666666,0.8,0.8,0.7733333333333333,0.4427343230429699,0.9000126232134942,0.7086779894702346
abnormality_topk,RE2-TT,cpu,0.25,15,0.6666666666666666,0.8,0.8666666666666667,0.8,0.3689341054546033,0.7499891483503079,0.45398974029003586
abnormality_topk,RE2-TT,cpu,0.5,15,0.8666666666666667,1.0,1.0,0.9733333333333333,0.24596205419638645,0.4999586973230003,0.1599321130682146
abnormality_topk,RE2-TT,cpu,1.0,15,0.8666666666666667,1.0,1.0,0.9733333333333333,0.0,0.0,0.0
abnormality_topk,RE2-TT,delay,0.05,15,0.9333333333333333,0.9333333333333333,0.9333333333333333,0.9333333333333333,0.41541160558761553,0.9500610489873939,0.8682058847842851
abnormality_topk,RE2-TT,delay,0.1,15,1.0,1.0,1.0,1.0,0.39353525767429437,0.9000547468054313,0.7898305149235922
abnormality_topk,RE2-TT,delay,0.25,15,1.0,1.0,1.0,1.0,0.32789651046027757,0.7499813424704256,0.612633571676951
abnormality_topk,RE2-TT,delay,0.5,15,1.0,1.0,1.0,1.0,0.21860282749286405,0.49998345166976527,0.24834031490606995
abnormality_topk,RE2-TT,delay,1.0,15,1.0,1.0,1.0,1.0,0.0,0.0,0.0
abnormality_topk,RE2-TT,disk,0.05,15,0.5333333333333333,0.7333333333333333,0.8666666666666667,0.7333333333333333,0.47101294354576567,0.9499587111228874,0.8486772512412117
abnormality_topk,RE2-TT,disk,0.1,15,0.7333333333333333,0.8666666666666667,0.8666666666666667,0.84,0.44624570701531674,0.9000199757412326,0.7560922409382875
abnormality_topk,RE2-TT,disk,0.25,15,0.8,0.9333333333333333,0.9333333333333333,0.9066666666666666,0.37183245969342066,0.7499376960938203,0.5448073548499519
abnormality_topk,RE2-TT,disk,0.5,15,0.8,0.9333333333333333,0.9333333333333333,0.9066666666666666,0.247894371369029,0.49993718573449236,0.27075454553689615
abnormality_topk,RE2-TT,disk,1.0,15,0.8,0.9333333333333333,1.0,0.92,0.0,0.0,0.0
abnormality_topk,RE2-TT,loss,0.05,15,0.6666666666666666,0.7333333333333333,0.8666666666666667,0.7333333333333333,0.46020608497470267,0.9500202835135776,0.8406377637236885
abnormality_topk,RE2-TT,loss,0.1,15,0.6666666666666666,0.7333333333333333,0.7333333333333333,0.7066666666666667,0.43596083701478666,0.899977018896245,0.7170041412877814
abnormality_topk,RE2-TT,loss,0.25,15,0.7333333333333333,0.8666666666666667,0.8666666666666667,0.8266666666666667,0.36330488755407636,0.7499961472538935,0.46812761108530937
abnormality_topk,RE2-TT,loss,0.5,15,0.8,0.8666666666666667,1.0,0.9066666666666666,0.24224042560946565,0.4999729335332563,0.17059250309829804
abnormality_topk,RE2-TT,loss,1.0,15,0.8,1.0,1.0,0.9333333333333333,0.0,0.0,0.0
abnormality_topk,RE2-TT,mem,0.05,15,0.6,0.8,0.8,0.76,0.46607175216895147,0.9500013792619981,0.8439942951724586
abnormality_topk,RE2-TT,mem,0.1,15,0.6666666666666666,0.8666666666666667,0.8666666666666667,0.8266666666666667,0.4415288859867413,0.9000031625287218,0.7278441357343284
abnormality_topk,RE2-TT,mem,0.25,15,0.6666666666666666,0.8666666666666667,0.8666666666666667,0.8266666666666667,0.3679190818027579,0.7500045009253458,0.4554929781457783
abnormality_topk,RE2-TT,mem,0.5,15,0.8,1.0,1.0,0.9600000000000001,0.24529665434841338,0.5000091381236504,0.151378837706452
abnormality_topk,RE2-TT,mem,1.0,15,0.8,1.0,1.0,0.9600000000000001,0.0,0.0,0.0
abnormality_topk,RE2-TT,socket,0.05,15,0.4666666666666667,0.8666666666666667,0.8666666666666667,0.76,0.49733492487078185,0.9499946754471509,0.8664260813450471
abnormality_topk,RE2-TT,socket,0.1,15,0.6,0.8666666666666667,0.8666666666666667,0.8133333333333332,0.4711671002622508,0.900006901126177,0.7605832934792144
abnormality_topk,RE2-TT,socket,0.25,15,0.8,1.0,1.0,0.9600000000000001,0.392647708212717,0.750030890542239,0.5391013271336764
abnormality_topk,RE2-TT,socket,0.5,15,0.7333333333333333,1.0,1.0,0.9466666666666667,0.2617945447773743,0.49999949940370725,0.21762482331481106
abnormality_topk,RE2-TT,socket,1.0,15,0.7333333333333333,1.0,1.0,0.9466666666666667,0.0,0.0,0.0
coverage_aware,RE2-OB,cpu,0.05,15,0.06666666666666667,0.8,1.0,0.6533333333333334,0.4430284318632118,0.9499860703974149,0.9071296753694853
coverage_aware,RE2-OB,cpu,0.1,15,0.06666666666666667,0.8,1.0,0.68,0.41970625569370823,0.899966773818713,0.8253664369189876
coverage_aware,RE2-OB,cpu,0.25,15,0.13333333333333333,0.8,1.0,0.7200000000000001,0.34975066403013627,0.7500213178002959,0.5911938590473329
coverage_aware,RE2-OB,cpu,0.5,15,0.13333333333333333,0.8,1.0,0.7200000000000001,0.23315888798445794,0.5000369194928596,0.22662951169423556
coverage_aware,RE2-OB,cpu,1.0,15,0.06666666666666667,0.8,1.0,0.6933333333333334,0.0,0.0,0.0
coverage_aware,RE2-OB,delay,0.05,15,0.2,0.4,0.8666666666666667,0.49333333333333335,0.4555044280494798,0.9499959492070775,0.900651450713274
coverage_aware,RE2-OB,delay,0.1,15,0.2,0.4,0.7333333333333333,0.49333333333333335,0.4315348334096499,0.9000099911545482,0.8099400988796568
coverage_aware,RE2-OB,delay,0.25,15,0.2,0.4,0.9333333333333333,0.5466666666666667,0.3596005860185796,0.7499977109071058,0.5753696318291708
coverage_aware,RE2-OB,delay,0.5,15,0.2,0.4,0.9333333333333333,0.5466666666666667,0.2397214718260239,0.5000012398733285,0.21732670442057922
coverage_aware,RE2-OB,delay,1.0,15,0.2,0.4666666666666667,0.9333333333333333,0.5733333333333334,0.0,0.0,0.0
coverage_aware,RE2-OB,disk,0.05,15,0.13333333333333333,0.7333333333333333,1.0,0.6533333333333334,0.46530967498215337,0.949996731468197,0.906681042480543
coverage_aware,RE2-OB,disk,0.1,15,0.2,0.6,1.0,0.64,0.44081799863559035,0.8999979390068594,0.8243476581868462
coverage_aware,RE2-OB,disk,0.25,15,0.2,0.6666666666666666,1.0,0.6933333333333334,0.36734916010176966,0.7500036099896878,0.5909460803883296
coverage_aware,RE2-OB,disk,0.5,15,0.2,0.7333333333333333,1.0,0.7066666666666667,0.24489186949861258,0.500001524894234,0.22570023794811522
coverage_aware,RE2-OB,disk,1.0,15,0.2,0.8,1.0,0.7066666666666667,0.0,0.0,0.0
coverage_aware,RE2-OB,loss,0.05,15,0.06666666666666667,0.4,0.7333333333333333,0.4266666666666667,0.4201596782251798,0.9500024201686028,0.9005903860514006
coverage_aware,RE2-OB,loss,0.1,15,0.06666666666666667,0.4,0.7333333333333333,0.44000000000000006,0.3980438911231736,0.9000021201374951,0.8087136843078355
coverage_aware,RE2-OB,loss,0.25,15,0.06666666666666667,0.4,0.8666666666666667,0.4666666666666667,0.33170708488727324,0.7499890707731662,0.5471628498698248
coverage_aware,RE2-OB,loss,0.5,15,0.06666666666666667,0.4,0.9333333333333333,0.49333333333333335,0.22112005328762682,0.4999765302531787,0.18173514178639677
coverage_aware,RE2-OB,loss,1.0,15,0.06666666666666667,0.4666666666666667,0.8666666666666667,0.49333333333333335,0.0,0.0,0.0
coverage_aware,RE2-OB,mem,0.05,15,0.0,0.4,0.9333333333333333,0.5066666666666667,0.4374566853052491,0.9499976642716649,0.9065862910536765
coverage_aware,RE2-OB,mem,0.1,15,0.0,0.4666666666666667,1.0,0.5466666666666667,0.4144353031405958,0.9000121309832901,0.824735174899187
coverage_aware,RE2-OB,mem,0.25,15,0.0,0.4666666666666667,1.0,0.5466666666666667,0.34535260545786906,0.7499949915623504,0.5876890236518496
coverage_aware,RE2-OB,mem,0.5,15,0.0,0.5333333333333333,1.0,0.5866666666666667,0.2302224425709468,0.49998970915784186,0.21359525915990635
coverage_aware,RE2-OB,mem,1.0,15,0.0,0.5333333333333333,1.0,0.5866666666666667,0.0,0.0,0.0
coverage_aware,RE2-OB,socket,0.05,15,0.0,0.5333333333333333,0.9333333333333333,0.5466666666666667,0.4608410393443206,0.9499993448994547,0.9078991164303419
coverage_aware,RE2-OB,socket,0.1,15,0.0,0.6666666666666666,0.9333333333333333,0.5866666666666667,0.43659392750800274,0.9000037671913605,0.8248575852084763
coverage_aware,RE2-OB,socket,0.25,15,0.13333333333333333,0.7333333333333333,0.9333333333333333,0.6533333333333334,0.36382456647792744,0.7499970107243595,0.5875065419979089
coverage_aware,RE2-OB,socket,0.5,15,0.2,0.8,1.0,0.7066666666666667,0.24254180644203346,0.49999952464764313,0.2249191434868946
coverage_aware,RE2-OB,socket,1.0,15,0.13333333333333333,0.8,1.0,0.6933333333333334,0.0,0.0,0.0
coverage_aware,RE2-TT,cpu,0.05,15,0.6666666666666666,0.8,0.8,0.7733333333333333,0.4673249556449599,0.9499857158990699,0.8667215437455398
coverage_aware,RE2-TT,cpu,0.1,15,0.6666666666666666,0.8,0.8,0.7733333333333333,0.4427343230429699,0.9000126232134942,0.767588779931053
coverage_aware,RE2-TT,cpu,0.25,15,0.6666666666666666,0.8,0.8,0.7733333333333333,0.36893421310639635,0.7499891483503079,0.5477652661668154
coverage_aware,RE2-TT,cpu,0.5,15,0.7333333333333333,0.8,0.8,0.7866666666666667,0.24600283896681616,0.4999586973230003,0.30089970719783066
coverage_aware,RE2-TT,cpu,1.0,15,0.8666666666666667,1.0,1.0,0.9733333333333333,0.0,0.0,0.0
coverage_aware,RE2-TT,delay,0.05,15,0.6666666666666666,0.6666666666666666,0.6666666666666666,0.6666666666666666,0.41544609417155254,0.9500610489873939,0.8907354696938151
coverage_aware,RE2-TT,delay,0.1,15,0.6666666666666666,0.6666666666666666,0.6666666666666666,0.6666666666666666,0.3935697462582314,0.9000547468054313,0.7832671918573547
coverage_aware,RE2-TT,delay,0.25,15,0.6666666666666666,0.6666666666666666,0.6666666666666666,0.6666666666666666,0.32794126967534487,0.7499813424704256,0.5741352925645832
coverage_aware,RE2-TT,delay,0.5,15,0.8,0.8,0.8,0.8,0.21863703451166308,0.49998345166976527,0.317922689516601
coverage_aware,RE2-TT,delay,1.0,15,1.0,1.0,1.0,1.0,0.0,0.0,0.0
coverage_aware,RE2-TT,disk,0.05,15,0.5333333333333333,0.6666666666666666,0.6666666666666666,0.64,0.4710132863394762,0.9499587111228874,0.8937278334014842
coverage_aware,RE2-TT,disk,0.1,15,0.5333333333333333,0.6666666666666666,0.6666666666666666,0.64,0.4462460498090274,0.9000199757412326,0.794302136393893
coverage_aware,RE2-TT,disk,0.25,15,0.5333333333333333,0.6666666666666666,0.6666666666666666,0.64,0.37183280248713124,0.7499376960938203,0.547428924511798
coverage_aware,RE2-TT,disk,0.5,15,0.6,0.7333333333333333,0.8,0.7333333333333333,0.24788419325198066,0.49993718573449236,0.29023640033438214
coverage_aware,RE2-TT,disk,1.0,15,0.8,0.9333333333333333,1.0,0.92,0.0,0.0,0.0
coverage_aware,RE2-TT,loss,0.05,15,0.6,0.6666666666666666,0.6666666666666666,0.64,0.4602163905345522,0.9500202835135776,0.9018634372790111
coverage_aware,RE2-TT,loss,0.1,15,0.6,0.6666666666666666,0.6666666666666666,0.6533333333333334,0.43597198538642434,0.899977018896245,0.8034788372046342
coverage_aware,RE2-TT,loss,0.25,15,0.6,0.6666666666666666,0.6666666666666666,0.6533333333333334,0.3632937659352968,0.7499961472538935,0.5843899583949139
coverage_aware,RE2-TT,loss,0.5,15,0.6666666666666666,0.8,0.8,0.76,0.2422212502453356,0.4999729335332563,0.3226946630749833
coverage_aware,RE2-TT,loss,1.0,15,0.8,1.0,1.0,0.9333333333333333,0.0,0.0,0.0
coverage_aware,RE2-TT,mem,0.05,15,0.4666666666666667,0.8,0.8,0.7333333333333333,0.46608199754572516,0.9500013792619981,0.8761625981073791
coverage_aware,RE2-TT,mem,0.1,15,0.6,0.8,0.8,0.76,0.441539131363515,0.9000031625287218,0.7643801981213305
coverage_aware,RE2-TT,mem,0.25,15,0.6,0.8,0.8,0.76,0.3679288923223878,0.7500045009253458,0.5081568921726228
coverage_aware,RE2-TT,mem,0.5,15,0.6,0.8,0.8,0.76,0.24529563128401702,0.5000091381236504,0.24664861585306663
coverage_aware,RE2-TT,mem,1.0,15,0.8,1.0,1.0,0.9600000000000001,0.0,0.0,0.0
coverage_aware,RE2-TT,socket,0.05,15,0.4,0.7333333333333333,0.7333333333333333,0.6533333333333334,0.4973446586518691,0.9499946754471509,0.8904832997128893
coverage_aware,RE2-TT,socket,0.1,15,0.4666666666666667,0.7333333333333333,0.7333333333333333,0.6799999999999999,0.4711768340433381,0.900006901126177,0.7877771636297408
coverage_aware,RE2-TT,socket,0.25,15,0.4666666666666667,0.7333333333333333,0.7333333333333333,0.6799999999999999,0.392637553351077,0.750030890542239,0.5749246528613858
coverage_aware,RE2-TT,socket,0.5,15,0.4666666666666667,0.8,0.8,0.7333333333333333,0.2617954919154525,0.49999949940370725,0.32190113975716644
coverage_aware,RE2-TT,socket,1.0,15,0.7333333333333333,1.0,1.0,0.9466666666666667,0.0,0.0,0.0
early_window,RE2-OB,cpu,0.05,15,0.06666666666666667,0.7333333333333333,1.0,0.6666666666666666,0.44306682301159006,0.9499860703974149,0.9494930241803166
early_window,RE2-OB,cpu,0.1,15,0.06666666666666667,0.7333333333333333,1.0,0.6666666666666666,0.41974464684208646,0.899966773818713,0.8998158293986819
early_window,RE2-OB,cpu,0.25,15,0.06666666666666667,0.8,1.0,0.6933333333333334,0.34978905517851455,0.7500213178002959,0.7498534281852637
early_window,RE2-OB,cpu,0.5,15,0.06666666666666667,0.8,1.0,0.6933333333333334,0.23318901707547815,0.5000369194928596,0.4994027845990485
early_window,RE2-OB,cpu,1.0,15,0.06666666666666667,0.8,1.0,0.6933333333333334,0.0,0.0,0.0
early_window,RE2-OB,delay,0.05,15,0.2,0.4666666666666667,0.9333333333333333,0.56,0.45554607336320446,0.9499959492070775,0.950141613595073
early_window,RE2-OB,delay,0.1,15,0.2,0.5333333333333333,0.8666666666666667,0.5733333333333334,0.4315764787233745,0.9000099911545482,0.8998449347898191
early_window,RE2-OB,delay,0.25,15,0.2,0.4666666666666667,0.8666666666666667,0.56,0.35964223133230416,0.7499977109071058,0.7496961325130517
early_window,RE2-OB,delay,0.5,15,0.2,0.4666666666666667,0.9333333333333333,0.56,0.23976311713974857,0.5000012398733285,0.5001408823632091
early_window,RE2-OB,delay,1.0,15,0.2,0.4666666666666667,0.9333333333333333,0.5733333333333334,0.0,0.0,0.0
early_window,RE2-OB,disk,0.05,15,0.2,0.8,1.0,0.6933333333333334,0.46535487244441576,0.949996731468197,0.9499591280652196
early_window,RE2-OB,disk,0.1,15,0.2,0.7333333333333333,1.0,0.6666666666666666,0.4408631960978527,0.8999979390068594,0.900006905851249
early_window,RE2-OB,disk,0.25,15,0.2,0.8,1.0,0.6933333333333334,0.3673887318804271,0.7500036099896878,0.7489756784999371
early_window,RE2-OB,disk,0.5,15,0.2,0.8,1.0,0.7066666666666667,0.2449256182754956,0.500001524894234,0.5002080801617351
early_window,RE2-OB,disk,1.0,15,0.2,0.8,1.0,0.7066666666666667,0.0,0.0,0.0
early_window,RE2-OB,loss,0.05,15,0.26666666666666666,0.6,0.9333333333333333,0.6,0.4202257760696331,0.9500024201686028,0.945463876866933
early_window,RE2-OB,loss,0.1,15,0.2,0.6,0.9333333333333333,0.5733333333333334,0.39810998896762695,0.9000021201374951,0.891730225897584
early_window,RE2-OB,loss,0.25,15,0.13333333333333333,0.4666666666666667,0.8666666666666667,0.5066666666666667,0.3317532601839522,0.7499890707731662,0.7341078493340853
early_window,RE2-OB,loss,0.5,15,0.13333333333333333,0.4666666666666667,0.8666666666666667,0.5066666666666667,0.22116318012911043,0.4999765302531787,0.4797385525927434
early_window,RE2-OB,loss,1.0,15,0.06666666666666667,0.4666666666666667,0.8666666666666667,0.49333333333333335,0.0,0.0,0.0
early_window,RE2-OB,mem,0.05,15,0.13333333333333333,0.6,1.0,0.6133333333333334,0.43749821112839926,0.9499976642716649,0.9500351046585932
early_window,RE2-OB,mem,0.1,15,0.06666666666666667,0.6,1.0,0.6133333333333334,0.414476828963746,0.9000121309832901,0.8993618094883277
early_window,RE2-OB,mem,0.25,15,0.0,0.5333333333333333,1.0,0.5866666666666667,0.3453914150706759,0.7499949915623504,0.746871201693041
early_window,RE2-OB,mem,0.5,15,0.0,0.5333333333333333,1.0,0.5866666666666667,0.23025853597341028,0.49998970915784186,0.494310258140949
early_window,RE2-OB,mem,1.0,15,0.0,0.5333333333333333,1.0,0.5866666666666667,0.0,0.0,0.0
early_window,RE2-OB,socket,0.05,15,0.2,0.7333333333333333,1.0,0.6666666666666666,0.46088762119608123,0.9499993448994547,0.9502975735368685
early_window,RE2-OB,socket,0.1,15,0.2,0.7333333333333333,1.0,0.6933333333333334,0.4366322431890669,0.9000037671913605,0.9000956884342288
early_window,RE2-OB,socket,0.25,15,0.2,0.8,1.0,0.6933333333333334,0.36385737137852736,0.7499970107243595,0.7496120502059843
early_window,RE2-OB,socket,0.5,15,0.2,0.7333333333333333,1.0,0.6799999999999999,0.24257185595240127,0.49999952464764313,0.49833037075189907
early_window,RE2-OB,socket,1.0,15,0.13333333333333333,0.8,1.0,0.6933333333333334,0.0,0.0,0.0
early_window,RE2-TT,cpu,0.05,15,0.8666666666666667,1.0,1.0,0.9733333333333333,0.4674568352069561,0.9499857158990699,0.9513494289219897
early_window,RE2-TT,cpu,0.1,15,0.9333333333333333,1.0,1.0,0.9866666666666667,0.44286620260496606,0.9000126232134942,0.9030568330750761
early_window,RE2-TT,cpu,0.25,15,0.8666666666666667,1.0,1.0,0.9733333333333333,0.36904502063269706,0.7499891483503079,0.7562936319192759
early_window,RE2-TT,cpu,0.5,15,0.8,1.0,1.0,0.9600000000000001,0.24601313497711216,0.4999586973230003,0.5053913565709365
early_window,RE2-TT,cpu,1.0,15,0.8666666666666667,1.0,1.0,0.9733333333333333,0.0,0.0,0.0
early_window,RE2-TT,delay,0.05,15,0.9333333333333333,1.0,1.0,0.9866666666666667,0.41556868920079887,0.9500610489873939,0.9537157277453722
early_window,RE2-TT,delay,0.1,15,1.0,1.0,1.0,1.0,0.3936923412874777,0.9000547468054313,0.9025064649493255
early_window,RE2-TT,delay,0.25,15,1.0,1.0,1.0,1.0,0.32805359407346096,0.7499813424704256,0.7533538566015429
early_window,RE2-TT,delay,0.5,15,1.0,1.0,1.0,1.0,0.21870402393872337,0.49998345166976527,0.5026517368723645
early_window,RE2-TT,delay,1.0,15,1.0,1.0,1.0,1.0,0.0,0.0,0.0
early_window,RE2-TT,disk,0.05,15,0.8,0.9333333333333333,0.9333333333333333,0.9066666666666666,0.4711349269775751,0.9499587111228874,0.9517732204475211
early_window,RE2-TT,disk,0.1,15,0.7333333333333333,0.8666666666666667,0.8666666666666667,0.84,0.4463676904471262,0.9000199757412326,0.9016232742141865
early_window,RE2-TT,disk,0.25,15,0.7333333333333333,0.9333333333333333,0.9333333333333333,0.88,0.37193401968891066,0.7499376960938203,0.7545387810048363
early_window,RE2-TT,disk,0.5,15,0.8,0.9333333333333333,0.9333333333333333,0.9066666666666666,0.24794542980960343,0.49993718573449236,0.5067457391230415
early_window,RE2-TT,disk,1.0,15,0.8,0.9333333333333333,1.0,0.92,0.0,0.0,0.0
early_window,RE2-TT,loss,0.05,15,0.7333333333333333,0.8666666666666667,0.8666666666666667,0.8266666666666667,0.4604369573157692,0.9500202835135776,0.9505951470347505
early_window,RE2-TT,loss,0.1,15,0.7333333333333333,0.8666666666666667,0.8666666666666667,0.8266666666666667,0.4361825240890212,0.899977018896245,0.8993912707408289
early_window,RE2-TT,loss,0.25,15,0.6666666666666666,0.8,0.9333333333333333,0.8133333333333332,0.36349386676930634,0.7499961472538935,0.7459434106453434
early_window,RE2-TT,loss,0.5,15,0.6666666666666666,0.8666666666666667,1.0,0.8666666666666667,0.24231880034099992,0.4999729335332563,0.4998171436973979
early_window,RE2-TT,loss,1.0,15,0.8,1.0,1.0,0.9333333333333333,0.0,0.0,0.0
early_window,RE2-TT,mem,0.05,15,0.8,1.0,1.0,0.9600000000000001,0.466335400239607,0.9500013792619981,0.9527806134660801
early_window,RE2-TT,mem,0.1,15,0.8,1.0,1.0,0.9600000000000001,0.4417925340573969,0.9000031625287218,0.9057042326078402
early_window,RE2-TT,mem,0.25,15,0.8666666666666667,1.0,1.0,0.9733333333333333,0.36816122297294335,0.7500045009253458,0.7582969778758767
early_window,RE2-TT,mem,0.5,15,0.8666666666666667,1.0,1.0,0.9733333333333333,0.24544398969983933,0.5000091381236504,0.5076060032972618
early_window,RE2-TT,mem,1.0,15,0.8,1.0,1.0,0.9600000000000001,0.0,0.0,0.0
early_window,RE2-TT,socket,0.05,15,0.7333333333333333,1.0,1.0,0.9466666666666667,0.49751549533223577,0.9499946754471509,0.9548731813471413
early_window,RE2-TT,socket,0.1,15,0.6666666666666666,1.0,1.0,0.9333333333333333,0.4713476707237047,0.900006901126177,0.9082958687458503
early_window,RE2-TT,socket,0.25,15,0.8,1.0,1.0,0.9600000000000001,0.39279865625035637,0.750030890542239,0.7545644492777421
early_window,RE2-TT,socket,0.5,15,0.7333333333333333,1.0,1.0,0.9466666666666667,0.2618555121267653,0.49999949940370725,0.5062577145554202
early_window,RE2-TT,socket,1.0,15,0.7333333333333333,1.0,1.0,0.9466666666666667,0.0,0.0,0.0
hybrid_abnormality_latency,RE2-OB,cpu,0.05,15,0.0,0.8,1.0,0.6666666666666666,0.44302571996203344,0.9499860703974149,0.9114539644113474
hybrid_abnormality_latency,RE2-OB,cpu,0.1,15,0.06666666666666667,0.8,1.0,0.6933333333333334,0.4197035437925299,0.899966773818713,0.8286415186762616
hybrid_abnormality_latency,RE2-OB,cpu,0.25,15,0.06666666666666667,0.8,1.0,0.6933333333333334,0.34975066403013627,0.7500213178002959,0.5906604951064519
hybrid_abnormality_latency,RE2-OB,cpu,0.5,15,0.06666666666666667,0.8,1.0,0.6933333333333334,0.23315341836517758,0.5000369194928596,0.22369014258525957
hybrid_abnormality_latency,RE2-OB,cpu,1.0,15,0.06666666666666667,0.8,1.0,0.6933333333333334,0.0,0.0,0.0
hybrid_abnormality_latency,RE2-OB,delay,0.05,15,0.2,0.6,0.8666666666666667,0.5866666666666667,0.4555044280494798,0.9499959492070775,0.9055068426559729
hybrid_abnormality_latency,RE2-OB,delay,0.1,15,0.2,0.4666666666666667,0.8,0.52,0.43154027796768407,0.9000099911545482,0.8189222101264834
hybrid_abnormality_latency,RE2-OB,delay,0.25,15,0.2,0.4666666666666667,0.9333333333333333,0.5466666666666667,0.359611475134648,0.7499977109071058,0.5741744509565307
hybrid_abnormality_latency,RE2-OB,delay,0.5,15,0.2,0.4,0.9333333333333333,0.56,0.2397323609420923,0.5000012398733285,0.2139712355944331
hybrid_abnormality_latency,RE2-OB,delay,1.0,15,0.2,0.4666666666666667,0.9333333333333333,0.5733333333333334,0.0,0.0,0.0
hybrid_abnormality_latency,RE2-OB,disk,0.05,15,0.0,0.8,1.0,0.68,0.4653152805204252,0.949996731468197,0.912288656609432
hybrid_abnormality_latency,RE2-OB,disk,0.1,15,0.06666666666666667,0.7333333333333333,1.0,0.6533333333333334,0.4408236041738622,0.8999979390068594,0.8303105291869086
hybrid_abnormality_latency,RE2-OB,disk,0.25,15,0.13333333333333333,0.8,1.0,0.6933333333333334,0.3673519427255724,0.7500036099896878,0.5926187953759597
hybrid_abnormality_latency,RE2-OB,disk,0.5,15,0.2,0.8,1.0,0.7466666666666667,0.24490311046659674,0.500001524894234,0.22538367950401678
hybrid_abnormality_latency,RE2-OB,disk,1.0,15,0.2,0.8,1.0,0.7066666666666667,0.0,0.0,0.0
hybrid_abnormality_latency,RE2-OB,loss,0.05,15,0.06666666666666667,0.4,0.7333333333333333,0.44000000000000006,0.42015698407821406,0.9500024201686028,0.9089332781476004
hybrid_abnormality_latency,RE2-OB,loss,0.1,15,0.06666666666666667,0.4,0.8,0.45333333333333337,0.3980438911231736,0.9000021201374951,0.8196866343859208
hybrid_abnormality_latency,RE2-OB,loss,0.25,15,0.06666666666666667,0.4,0.8666666666666667,0.4666666666666667,0.3316900027240869,0.7499890707731662,0.5556441179579843
hybrid_abnormality_latency,RE2-OB,loss,0.5,15,0.06666666666666667,0.4,0.8666666666666667,0.4666666666666667,0.22110923799295265,0.4999765302531787,0.18335654052106676
hybrid_abnormality_latency,RE2-OB,loss,1.0,15,0.06666666666666667,0.4666666666666667,0.8666666666666667,0.49333333333333335,0.0,0.0,0.0
hybrid_abnormality_latency,RE2-OB,mem,0.05,15,0.0,0.6,1.0,0.6,0.43745394936456433,0.9499976642716649,0.9133870830405267
hybrid_abnormality_latency,RE2-OB,mem,0.1,15,0.0,0.4666666666666667,1.0,0.5733333333333334,0.414432567199911,0.9000121309832901,0.8305451825335208
hybrid_abnormality_latency,RE2-OB,mem,0.25,15,0.0,0.5333333333333333,1.0,0.5733333333333334,0.34535260545786906,0.7499949915623504,0.5937956863596805
hybrid_abnormality_latency,RE2-OB,mem,0.5,15,0.0,0.5333333333333333,1.0,0.5866666666666667,0.2302224425709468,0.49998970915784186,0.21654056973416208
hybrid_abnormality_latency,RE2-OB,mem,1.0,15,0.0,0.5333333333333333,1.0,0.5866666666666667,0.0,0.0,0.0
hybrid_abnormality_latency,RE2-OB,socket,0.05,15,0.0,0.7333333333333333,1.0,0.64,0.46083558249259776,0.9499993448994547,0.9129133120840662
hybrid_abnormality_latency,RE2-OB,socket,0.1,15,0.0,0.6,1.0,0.5866666666666667,0.4365856613373063,0.9000037671913605,0.8302600340673526
hybrid_abnormality_latency,RE2-OB,socket,0.25,15,0.06666666666666667,0.6666666666666666,0.9333333333333333,0.6266666666666667,0.36383283264862387,0.7499970107243595,0.5896251051281963
hybrid_abnormality_latency,RE2-OB,socket,0.5,15,0.13333333333333333,0.7333333333333333,0.9333333333333333,0.6533333333333334,0.24254731722249775,0.49999952464764313,0.22308863665076284
hybrid_abnormality_latency,RE2-OB,socket,1.0,15,0.13333333333333333,0.8,1.0,0.6933333333333334,0.0,0.0,0.0
hybrid_abnormality_latency,RE2-TT,cpu,0.05,15,0.8,0.9333333333333333,0.9333333333333333,0.9066666666666666,0.4673249556449599,0.9499857158990699,0.8488174278698694
hybrid_abnormality_latency,RE2-TT,cpu,0.1,15,0.8,1.0,1.0,0.9600000000000001,0.4427343230429699,0.9000126232134942,0.7541953221318278
hybrid_abnormality_latency,RE2-TT,cpu,0.25,15,0.8,1.0,1.0,0.9600000000000001,0.36893421310639635,0.7499891483503079,0.5058915916037688
hybrid_abnormality_latency,RE2-TT,cpu,0.5,15,0.8666666666666667,1.0,1.0,0.9733333333333333,0.24599243530472711,0.4999586973230003,0.12969412621316387
hybrid_abnormality_latency,RE2-TT,cpu,1.0,15,0.8666666666666667,1.0,1.0,0.9733333333333333,0.0,0.0,0.0
hybrid_abnormality_latency,RE2-TT,delay,0.05,15,1.0,1.0,1.0,1.0,0.41541160558761553,0.9500610489873939,0.885692240012775
hybrid_abnormality_latency,RE2-TT,delay,0.1,15,1.0,1.0,1.0,1.0,0.39353525767429437,0.9000547468054313,0.8187722982811902
hybrid_abnormality_latency,RE2-TT,delay,0.25,15,1.0,1.0,1.0,1.0,0.3279078367712981,0.7499813424704256,0.6097765877390935
hybrid_abnormality_latency,RE2-TT,delay,0.5,15,1.0,1.0,1.0,1.0,0.2186267638805328,0.49998345166976527,0.24764633794765628
hybrid_abnormality_latency,RE2-TT,delay,1.0,15,1.0,1.0,1.0,1.0,0.0,0.0,0.0
hybrid_abnormality_latency,RE2-TT,disk,0.05,15,0.7333333333333333,0.9333333333333333,0.9333333333333333,0.88,0.4709824262589839,0.9499587111228874,0.886541844095474
hybrid_abnormality_latency,RE2-TT,disk,0.1,15,0.6666666666666666,0.8666666666666667,0.9333333333333333,0.8533333333333334,0.44622536784558336,0.9000199757412326,0.783390487773925
hybrid_abnormality_latency,RE2-TT,disk,0.25,15,0.7333333333333333,0.9333333333333333,0.9333333333333333,0.8933333333333333,0.37186283860359487,0.7499376960938203,0.5131313068755543
hybrid_abnormality_latency,RE2-TT,disk,0.5,15,0.7333333333333333,0.9333333333333333,0.9333333333333333,0.8933333333333333,0.24790443122517306,0.49993718573449236,0.16237507753371047
hybrid_abnormality_latency,RE2-TT,disk,1.0,15,0.8,0.9333333333333333,1.0,0.92,0.0,0.0,0.0
hybrid_abnormality_latency,RE2-TT,loss,0.05,15,0.6666666666666666,0.8,0.8666666666666667,0.7733333333333333,0.46020608497470267,0.9500202835135776,0.8905051932284626
hybrid_abnormality_latency,RE2-TT,loss,0.1,15,0.6666666666666666,0.8,0.9333333333333333,0.8,0.43595165174795464,0.899977018896245,0.788720201960548
hybrid_abnormality_latency,RE2-TT,loss,0.25,15,0.6666666666666666,0.8666666666666667,1.0,0.8533333333333334,0.36331491563269647,0.7499961472538935,0.49375435170447823
hybrid_abnormality_latency,RE2-TT,loss,0.5,15,0.8,0.8666666666666667,1.0,0.9066666666666666,0.24221234395894198,0.4999729335332563,0.0788570719045404
hybrid_abnormality_latency,RE2-TT,loss,1.0,15,0.8,1.0,1.0,0.9333333333333333,0.0,0.0,0.0
hybrid_abnormality_latency,RE2-TT,mem,0.05,15,0.6666666666666666,0.9333333333333333,1.0,0.8933333333333333,0.46607175216895147,0.9500013792619981,0.8761308034153515
hybrid_abnormality_latency,RE2-TT,mem,0.1,15,0.7333333333333333,0.9333333333333333,1.0,0.9066666666666666,0.4415288859867413,0.9000031625287218,0.7787720320761597
hybrid_abnormality_latency,RE2-TT,mem,0.25,15,0.8,1.0,1.0,0.9600000000000001,0.36789757490228775,0.7500045009253458,0.5143071215656919
hybrid_abnormality_latency,RE2-TT,mem,0.5,15,0.8,1.0,1.0,0.9600000000000001,0.24532874701724305,0.5000091381236504,0.13801671910289806
hybrid_abnormality_latency,RE2-TT,mem,1.0,15,0.8,1.0,1.0,0.9600000000000001,0.0,0.0,0.0
hybrid_abnormality_latency,RE2-TT,socket,0.05,15,0.6,1.0,1.0,0.92,0.49733492487078185,0.9499946754471509,0.8872802915640959
hybrid_abnormality_latency,RE2-TT,socket,0.1,15,0.6,1.0,1.0,0.9066666666666666,0.4711671002622508,0.900006901126177,0.7889926339958556
hybrid_abnormality_latency,RE2-TT,socket,0.25,15,0.7333333333333333,1.0,1.0,0.9466666666666667,0.39265754685891935,0.750030890542239,0.547800667946308
hybrid_abnormality_latency,RE2-TT,socket,0.5,15,0.7333333333333333,1.0,1.0,0.9466666666666667,0.26178549091535247,0.49999949940370725,0.16987452833067362
hybrid_abnormality_latency,RE2-TT,socket,1.0,15,0.7333333333333333,1.0,1.0,0.9466666666666667,0.0,0.0,0.0
late_window,RE2-OB,cpu,0.05,15,0.06666666666666667,0.7333333333333333,0.9333333333333333,0.6266666666666667,0.44302305083977433,0.9499860703974149,0.9507624852284741
late_window,RE2-OB,cpu,0.1,15,0.13333333333333333,0.8,1.0,0.7066666666666667,0.41970087467027073,0.899966773818713,0.8999181579852328
late_window,RE2-OB,cpu,0.25,15,0.06666666666666667,0.8,1.0,0.6933333333333334,0.34974528300669877,0.7500213178002959,0.7509166677926651
late_window,RE2-OB,cpu,0.5,15,0.06666666666666667,0.8,1.0,0.6933333333333334,0.23314524490366242,0.5000369194928596,0.5007177173251648
late_window,RE2-OB,cpu,1.0,15,0.06666666666666667,0.8,1.0,0.6933333333333334,0.0,0.0,0.0
late_window,RE2-OB,delay,0.05,15,0.2,0.5333333333333333,1.0,0.6133333333333334,0.4555044280494798,0.9499959492070775,0.9498109196443688
late_window,RE2-OB,delay,0.1,15,0.2,0.4666666666666667,0.9333333333333333,0.56,0.4315348334096499,0.9000099911545482,0.9000630426215473
late_window,RE2-OB,delay,0.25,15,0.2,0.4,0.7333333333333333,0.49333333333333335,0.3596005860185796,0.7499977109071058,0.7502185222456369
late_window,RE2-OB,delay,0.5,15,0.2,0.4,0.8666666666666667,0.5333333333333333,0.2397214718260239,0.5000012398733285,0.49987260884185997
late_window,RE2-OB,delay,1.0,15,0.2,0.4666666666666667,0.9333333333333333,0.5733333333333334,0.0,0.0,0.0
late_window,RE2-OB,disk,0.05,15,0.2,0.7333333333333333,1.0,0.7066666666666667,0.4653069930822955,0.949996731468197,0.9503072807149687
late_window,RE2-OB,disk,0.1,15,0.2,0.8,1.0,0.7066666666666667,0.4408153167357325,0.8999979390068594,0.900226107039176
late_window,RE2-OB,disk,0.25,15,0.2,0.8,1.0,0.7066666666666667,0.3673408525183069,0.7500036099896878,0.7499790218763562
late_window,RE2-OB,disk,0.5,15,0.2,0.8,1.0,0.7066666666666667,0.24487773891337544,0.500001524894234,0.49980922926080856
late_window,RE2-OB,disk,1.0,15,0.2,0.8,1.0,0.7066666666666667,0.0,0.0,0.0
late_window,RE2-OB,loss,0.05,15,0.2,0.6,0.7333333333333333,0.5066666666666666,0.42015698407821406,0.9500024201686028,0.9562527609759944
late_window,RE2-OB,loss,0.1,15,0.13333333333333333,0.5333333333333333,0.9333333333333333,0.5333333333333333,0.39804119697620793,0.9000021201374951,0.9078516200565393
late_window,RE2-OB,loss,0.25,15,0.2,0.4,0.9333333333333333,0.52,0.3316844681925331,0.7499890707731662,0.7664367237211699
late_window,RE2-OB,loss,0.5,15,0.13333333333333333,0.4666666666666667,0.8666666666666667,0.52,0.22109438813769133,0.4999765302531787,0.5202402666827406
late_window,RE2-OB,loss,1.0,15,0.06666666666666667,0.4666666666666667,0.8666666666666667,0.49333333333333335,0.0,0.0,0.0
late_window,RE2-OB,mem,0.05,15,0.0,0.5333333333333333,0.9333333333333333,0.5466666666666667,0.43745394936456433,0.9499976642716649,0.9492672004467735
late_window,RE2-OB,mem,0.1,15,0.0,0.4666666666666667,0.9333333333333333,0.52,0.414432567199911,0.9000121309832901,0.8988363763930998
late_window,RE2-OB,mem,0.25,15,0.0,0.5333333333333333,1.0,0.5733333333333334,0.34534715330684096,0.7499949915623504,0.750367146084069
late_window,RE2-OB,mem,0.5,15,0.06666666666666667,0.5333333333333333,1.0,0.5866666666666667,0.23021427420957533,0.49998970915784186,0.5056674142099219
late_window,RE2-OB,mem,1.0,15,0.0,0.5333333333333333,1.0,0.5866666666666667,0.0,0.0,0.0
late_window,RE2-OB,socket,0.05,15,0.0,0.4666666666666667,0.8666666666666667,0.49333333333333335,0.46083282710236567,0.9499993448994547,0.9495464867858634
late_window,RE2-OB,socket,0.1,15,0.0,0.6,0.9333333333333333,0.56,0.4365774490953513,0.9000037671913605,0.8999028856576293
late_window,RE2-OB,socket,0.25,15,0.0,0.6666666666666666,0.9333333333333333,0.6133333333333334,0.36380257728481175,0.7499970107243595,0.7529043093210761
late_window,RE2-OB,socket,0.5,15,0.0,0.7333333333333333,0.8666666666666667,0.56,0.24251706185868568,0.49999952464764313,0.5016600664064828
late_window,RE2-OB,socket,1.0,15,0.13333333333333333,0.8,1.0,0.6933333333333334,0.0,0.0,0.0
late_window,RE2-TT,cpu,0.05,15,0.9333333333333333,1.0,1.0,0.9866666666666667,0.467315015781136,0.9499857158990699,0.9485307736347348
late_window,RE2-TT,cpu,0.1,15,0.9333333333333333,1.0,1.0,0.9866666666666667,0.44272438317914603,0.9000126232134942,0.8977973412627365
late_window,RE2-TT,cpu,0.25,15,0.9333333333333333,1.0,1.0,0.9866666666666667,0.36890320120687703,0.7499891483503079,0.7472958412253514
late_window,RE2-TT,cpu,0.5,15,0.8666666666666667,1.0,1.0,0.9733333333333333,0.24587131555129213,0.4999586973230003,0.49438440063149824
late_window,RE2-TT,cpu,1.0,15,0.8666666666666667,1.0,1.0,0.9733333333333333,0.0,0.0,0.0
late_window,RE2-TT,delay,0.05,15,0.9333333333333333,1.0,1.0,0.9866666666666667,0.41541160558761553,0.9500610489873939,0.9473642557282169
late_window,RE2-TT,delay,0.1,15,1.0,1.0,1.0,1.0,0.39353525767429437,0.9000547468054313,0.897522416057546
late_window,RE2-TT,delay,0.25,15,1.0,1.0,1.0,1.0,0.32789651046027757,0.7499813424704256,0.7470664250061358
late_window,RE2-TT,delay,0.5,15,1.0,1.0,1.0,1.0,0.21854694032554006,0.49998345166976527,0.49730872215838445
late_window,RE2-TT,delay,1.0,15,1.0,1.0,1.0,1.0,0.0,0.0,0.0
late_window,RE2-TT,disk,0.05,15,0.7333333333333333,1.0,1.0,0.9333333333333333,0.4709824262589839,0.9499587111228874,0.950195631645261
late_window,RE2-TT,disk,0.1,15,0.7333333333333333,1.0,1.0,0.9333333333333333,0.446215189728535,0.9000199757412326,0.8984377507061291
late_window,RE2-TT,disk,0.25,15,0.8,1.0,1.0,0.9600000000000001,0.37178151897031947,0.7499376960938203,0.7461430020963734
late_window,RE2-TT,disk,0.5,15,0.7333333333333333,0.9333333333333333,0.9333333333333333,0.8933333333333333,0.24779292909101225,0.49993718573449236,0.49248366781948894
late_window,RE2-TT,disk,1.0,15,0.8,0.9333333333333333,1.0,0.92,0.0,0.0,0.0
late_window,RE2-TT,loss,0.05,15,0.8,0.9333333333333333,0.9333333333333333,0.8933333333333333,0.46020608497470267,0.9500202835135776,0.9502368109917001
late_window,RE2-TT,loss,0.1,15,0.8,0.8666666666666667,0.8666666666666667,0.84,0.43595165174795464,0.899977018896245,0.8975420845337218
late_window,RE2-TT,loss,0.25,15,0.8,1.0,1.0,0.9333333333333333,0.36326299442823984,0.7499961472538935,0.744364174839162
late_window,RE2-TT,loss,0.5,15,0.8,1.0,1.0,0.9333333333333333,0.24208792799993342,0.4999729335332563,0.5001373727242256
late_window,RE2-TT,loss,1.0,15,0.8,1.0,1.0,0.9333333333333333,0.0,0.0,0.0
late_window,RE2-TT,mem,0.05,15,0.8,1.0,1.0,0.9600000000000001,0.46607175216895147,0.9500013792619981,0.9503688340541675
late_window,RE2-TT,mem,0.1,15,0.8666666666666667,1.0,1.0,0.9733333333333333,0.4415288859867413,0.9000031625287218,0.898600758704926
late_window,RE2-TT,mem,0.25,15,0.8666666666666667,1.0,1.0,0.9733333333333333,0.36789757490228775,0.7500045009253458,0.7465413973455391
late_window,RE2-TT,mem,0.5,15,0.8,1.0,1.0,0.9600000000000001,0.2451803416291837,0.5000091381236504,0.49234033855484055
late_window,RE2-TT,mem,1.0,15,0.8,1.0,1.0,0.9600000000000001,0.0,0.0,0.0
late_window,RE2-TT,socket,0.05,15,0.6666666666666666,0.8666666666666667,0.9333333333333333,0.84,0.49733492487078185,0.9499946754471509,0.9527341651025284
late_window,RE2-TT,socket,0.1,15,0.7333333333333333,0.9333333333333333,0.9333333333333333,0.8933333333333333,0.4711671002622508,0.900006901126177,0.9001298745640387
late_window,RE2-TT,socket,0.25,15,0.7333333333333333,0.9333333333333333,0.9333333333333333,0.8933333333333333,0.3926180857889025,0.750030890542239,0.7442757010220806
late_window,RE2-TT,socket,0.5,15,0.7333333333333333,1.0,1.0,0.9333333333333333,0.26167494166531136,0.49999949940370725,0.49378262806156825
late_window,RE2-TT,socket,1.0,15,0.7333333333333333,1.0,1.0,0.9466666666666667,0.0,0.0,0.0
latency_service_diversity,RE2-OB,cpu,0.05,15,0.0,0.7333333333333333,1.0,0.64,0.44302571996203344,0.9499860703974149,0.9129889381701164
latency_service_diversity,RE2-OB,cpu,0.1,15,0.0,0.7333333333333333,1.0,0.64,0.4197063264399406,0.899966773818713,0.8260944680894785
latency_service_diversity,RE2-OB,cpu,0.25,15,0.06666666666666667,0.8,1.0,0.68,0.3497589771012986,0.7500213178002959,0.5892249499066732
latency_service_diversity,RE2-OB,cpu,0.5,15,0.06666666666666667,0.8,1.0,0.6933333333333334,0.23317804960600041,0.5000369194928596,0.22977557490873363
latency_service_diversity,RE2-OB,cpu,1.0,15,0.06666666666666667,0.8,1.0,0.6933333333333334,0.0,0.0,0.0
latency_service_diversity,RE2-OB,delay,0.05,15,0.2,0.6666666666666666,1.0,0.68,0.4555153171655482,0.9499959492070775,0.9077350169653668
latency_service_diversity,RE2-OB,delay,0.1,15,0.2,0.5333333333333333,0.9333333333333333,0.5866666666666667,0.43154842563023377,0.9000099911545482,0.830611510640962
latency_service_diversity,RE2-OB,delay,0.25,15,0.2,0.4666666666666667,0.9333333333333333,0.56,0.35961687631139083,0.7499977109071058,0.6061526106418625
latency_service_diversity,RE2-OB,delay,0.5,15,0.2,0.4666666666666667,0.9333333333333333,0.5733333333333334,0.2397377621188352,0.5000012398733285,0.24672267947710927
latency_service_diversity,RE2-OB,delay,1.0,15,0.2,0.4666666666666667,0.9333333333333333,0.5733333333333334,0.0,0.0,0.0
latency_service_diversity,RE2-OB,disk,0.05,15,0.0,0.8,1.0,0.68,0.46531540138970323,0.949996731468197,0.9133756157683917
latency_service_diversity,RE2-OB,disk,0.1,15,0.06666666666666667,0.8,1.0,0.6666666666666666,0.44082655770371665,0.8999979390068594,0.8276488751291075
latency_service_diversity,RE2-OB,disk,0.25,15,0.2,0.8,1.0,0.7066666666666667,0.3673631327354314,0.7500036099896878,0.5922123773672224
latency_service_diversity,RE2-OB,disk,0.5,15,0.2,0.8,1.0,0.7333333333333333,0.2449168348239638,0.500001524894234,0.23561527485114026
latency_service_diversity,RE2-OB,disk,1.0,15,0.2,0.8,1.0,0.7066666666666667,0.0,0.0,0.0
latency_service_diversity,RE2-OB,loss,0.05,15,0.0,0.4666666666666667,0.8,0.4666666666666667,0.42015698407821406,0.9500024201686028,0.9174481491982083
latency_service_diversity,RE2-OB,loss,0.1,15,0.06666666666666667,0.4,0.8,0.45333333333333337,0.39804119697620793,0.9000021201374951,0.833528263725939
latency_service_diversity,RE2-OB,loss,0.25,15,0.2,0.4,0.8666666666666667,0.5066666666666667,0.3316955676444822,0.7499890707731662,0.5759773982107634
latency_service_diversity,RE2-OB,loss,0.5,15,0.2,0.4,0.8666666666666667,0.49333333333333335,0.22112904420293583,0.4999765302531787,0.20737911830022615
latency_service_diversity,RE2-OB,loss,1.0,15,0.06666666666666667,0.4666666666666667,0.8666666666666667,0.49333333333333335,0.0,0.0,0.0
latency_service_diversity,RE2-OB,mem,0.05,15,0.0,0.7333333333333333,1.0,0.64,0.43745394936456433,0.9499976642716649,0.9145076201193805
latency_service_diversity,RE2-OB,mem,0.1,15,0.0,0.5333333333333333,1.0,0.5866666666666667,0.41443800044868234,0.9000121309832901,0.8312563889641928
latency_service_diversity,RE2-OB,mem,0.25,15,0.0,0.5333333333333333,1.0,0.5866666666666667,0.3453525865556123,0.7499949915623504,0.6015016917192907
latency_service_diversity,RE2-OB,mem,0.5,15,0.0,0.5333333333333333,1.0,0.5866666666666667,0.23023616099563798,0.49998970915784186,0.23267035084695042
latency_service_diversity,RE2-OB,mem,1.0,15,0.0,0.5333333333333333,1.0,0.5866666666666667,0.0,0.0,0.0
latency_service_diversity,RE2-OB,socket,0.05,15,0.0,0.7333333333333333,1.0,0.6533333333333334,0.46083282710236567,0.9499993448994547,0.9140820664777742
latency_service_diversity,RE2-OB,socket,0.1,15,0.0,0.7333333333333333,1.0,0.64,0.4365938662647363,0.9000037671913605,0.8286526440178358
latency_service_diversity,RE2-OB,socket,0.25,15,0.06666666666666667,0.7333333333333333,1.0,0.6533333333333334,0.3638354706792527,0.7499970107243595,0.5934131269058422
latency_service_diversity,RE2-OB,socket,0.5,15,0.13333333333333333,0.7333333333333333,0.9333333333333333,0.6533333333333334,0.2425608304168315,0.49999952464764313,0.24240775931181305
latency_service_diversity,RE2-OB,socket,1.0,15,0.13333333333333333,0.8,1.0,0.6933333333333334,0.0,0.0,0.0
latency_service_diversity,RE2-TT,cpu,0.05,15,0.7333333333333333,0.9333333333333333,1.0,0.8933333333333333,0.46735539781432023,0.9499857158990699,0.874028710512912
latency_service_diversity,RE2-TT,cpu,0.1,15,0.8666666666666667,1.0,1.0,0.9733333333333333,0.4427647652123302,0.9000126232134942,0.7920334324795347
latency_service_diversity,RE2-TT,cpu,0.25,15,0.8666666666666667,1.0,1.0,0.9733333333333333,0.36895398690215025,0.7499891483503079,0.5878254362061434
latency_service_diversity,RE2-TT,cpu,0.5,15,0.8666666666666667,1.0,1.0,0.9733333333333333,0.2459822750583743,0.4999586973230003,0.23531006036224275
latency_service_diversity,RE2-TT,cpu,1.0,15,0.8666666666666667,1.0,1.0,0.9733333333333333,0.0,0.0,0.0
latency_service_diversity,RE2-TT,delay,0.05,15,1.0,1.0,1.0,1.0,0.41541160558761553,0.9500610489873939,0.8739260074168179
latency_service_diversity,RE2-TT,delay,0.1,15,1.0,1.0,1.0,1.0,0.39353525767429437,0.9000547468054313,0.8153484355954507
latency_service_diversity,RE2-TT,delay,0.25,15,1.0,1.0,1.0,1.0,0.3279071771269442,0.7499813424704256,0.6091204162352565
latency_service_diversity,RE2-TT,delay,0.5,15,1.0,1.0,1.0,1.0,0.21863619014570085,0.49998345166976527,0.23918200924993005
latency_service_diversity,RE2-TT,delay,1.0,15,1.0,1.0,1.0,1.0,0.0,0.0,0.0
latency_service_diversity,RE2-TT,disk,0.05,15,0.6,0.8666666666666667,0.8666666666666667,0.8,0.4710026557765609,0.9499587111228874,0.902817410501082
latency_service_diversity,RE2-TT,disk,0.1,15,0.7333333333333333,0.8666666666666667,0.8666666666666667,0.84,0.44625529897375976,0.9000199757412326,0.8313224110019183
latency_service_diversity,RE2-TT,disk,0.25,15,0.6666666666666666,0.8666666666666667,0.8666666666666667,0.8266666666666667,0.37185210684413855,0.7499376960938203,0.6423771015283
latency_service_diversity,RE2-TT,disk,0.5,15,0.8,0.9333333333333333,0.9333333333333333,0.9066666666666666,0.247894270172488,0.49993718573449236,0.2922550213826009
latency_service_diversity,RE2-TT,disk,1.0,15,0.8,0.9333333333333333,1.0,0.92,0.0,0.0,0.0
latency_service_diversity,RE2-TT,loss,0.05,15,0.7333333333333333,0.9333333333333333,1.0,0.8933333333333333,0.46024867330957886,0.9500202835135776,0.872742462810785
latency_service_diversity,RE2-TT,loss,0.1,15,0.7333333333333333,1.0,1.0,0.92,0.4359942400828308,0.899977018896245,0.7690573951116925
latency_service_diversity,RE2-TT,loss,0.25,15,0.9333333333333333,1.0,1.0,0.9866666666666667,0.36336400439808453,0.7499961472538935,0.4998503998178065
latency_service_diversity,RE2-TT,loss,0.5,15,0.8,1.0,1.0,0.9333333333333333,0.24227121846106775,0.4999729335332563,0.18685411282566095
latency_service_diversity,RE2-TT,loss,1.0,15,0.8,1.0,1.0,0.9333333333333333,0.0,0.0,0.0
latency_service_diversity,RE2-TT,mem,0.05,15,0.8,1.0,1.0,0.9600000000000001,0.46607175216895147,0.9500013792619981,0.8786163272563088
latency_service_diversity,RE2-TT,mem,0.1,15,0.8,1.0,1.0,0.9600000000000001,0.4415610869205684,0.9000031625287218,0.80338045232121
latency_service_diversity,RE2-TT,mem,0.25,15,0.7333333333333333,1.0,1.0,0.9466666666666667,0.3680140554807767,0.7500045009253458,0.5713742610902687
latency_service_diversity,RE2-TT,mem,0.5,15,0.8,1.0,1.0,0.9600000000000001,0.24535907465321044,0.5000091381236504,0.22258733496284105
latency_service_diversity,RE2-TT,mem,1.0,15,0.8,1.0,1.0,0.9600000000000001,0.0,0.0,0.0
latency_service_diversity,RE2-TT,socket,0.05,15,0.6,0.9333333333333333,0.9333333333333333,0.84,0.49735481351350913,0.9499946754471509,0.8428146955140942
latency_service_diversity,RE2-TT,socket,0.1,15,0.6,0.9333333333333333,0.9333333333333333,0.8533333333333334,0.47118698890497807,0.900006901126177,0.7453406802066274
latency_service_diversity,RE2-TT,socket,0.25,15,0.7333333333333333,1.0,1.0,0.9466666666666667,0.39268737901296386,0.750030890542239,0.5862170489577714
latency_service_diversity,RE2-TT,socket,0.5,15,0.7333333333333333,1.0,1.0,0.9466666666666667,0.2618049009887443,0.49999949940370725,0.2431272666701667
latency_service_diversity,RE2-TT,socket,1.0,15,0.7333333333333333,1.0,1.0,0.9466666666666667,0.0,0.0,0.0
latency_topk,RE2-OB,cpu,0.05,15,0.0,0.7333333333333333,1.0,0.64,0.44302571996203344,0.9499860703974149,0.9117131389280289
latency_topk,RE2-OB,cpu,0.1,15,0.0,0.7333333333333333,1.0,0.64,0.4197063264399406,0.899966773818713,0.8247278955554853
latency_topk,RE2-OB,cpu,0.25,15,0.06666666666666667,0.8,1.0,0.68,0.3497589771012986,0.7500213178002959,0.5882980717900119
latency_topk,RE2-OB,cpu,0.5,15,0.06666666666666667,0.8,1.0,0.6933333333333334,0.23317804960600041,0.5000369194928596,0.2288659088734639
latency_topk,RE2-OB,cpu,1.0,15,0.06666666666666667,0.8,1.0,0.6933333333333334,0.0,0.0,0.0
latency_topk,RE2-OB,delay,0.05,15,0.2,0.6666666666666666,1.0,0.68,0.4555153171655482,0.9499959492070775,0.9070709661628095
latency_topk,RE2-OB,delay,0.1,15,0.2,0.4666666666666667,0.9333333333333333,0.5733333333333334,0.43154842563023377,0.9000099911545482,0.8299922532939692
latency_topk,RE2-OB,delay,0.25,15,0.2,0.4666666666666667,0.9333333333333333,0.56,0.35961687631139083,0.7499977109071058,0.6055555396564879
latency_topk,RE2-OB,delay,0.5,15,0.2,0.4666666666666667,0.9333333333333333,0.5733333333333334,0.2397377621188352,0.5000012398733285,0.24617239657845225
latency_topk,RE2-OB,delay,1.0,15,0.2,0.4666666666666667,0.9333333333333333,0.5733333333333334,0.0,0.0,0.0
latency_topk,RE2-OB,disk,0.05,15,0.0,0.8,1.0,0.68,0.46531540138970323,0.949996731468197,0.9126598745182933
latency_topk,RE2-OB,disk,0.1,15,0.06666666666666667,0.8,1.0,0.6666666666666666,0.44082939542842897,0.8999979390068594,0.8269438428353126
latency_topk,RE2-OB,disk,0.25,15,0.2,0.8,1.0,0.7066666666666667,0.3673631327354314,0.7500036099896878,0.5916352032033247
latency_topk,RE2-OB,disk,0.5,15,0.2,0.8,1.0,0.7333333333333333,0.2449168348239638,0.500001524894234,0.23509827389108645
latency_topk,RE2-OB,disk,1.0,15,0.2,0.8,1.0,0.7066666666666667,0.0,0.0,0.0
latency_topk,RE2-OB,loss,0.05,15,0.0,0.4666666666666667,0.8,0.4666666666666667,0.42015698407821406,0.9500024201686028,0.9166245508037847
latency_topk,RE2-OB,loss,0.1,15,0.06666666666666667,0.4,0.8,0.45333333333333337,0.39804119697620793,0.9000021201374951,0.8325950068989354
latency_topk,RE2-OB,loss,0.25,15,0.2,0.4,0.8666666666666667,0.5066666666666667,0.3316955676444822,0.7499890707731662,0.5752524406814816
latency_topk,RE2-OB,loss,0.5,15,0.2,0.4,0.8666666666666667,0.49333333333333335,0.22112904420293583,0.4999765302531787,0.2069215027637995
latency_topk,RE2-OB,loss,1.0,15,0.06666666666666667,0.4666666666666667,0.8666666666666667,0.49333333333333335,0.0,0.0,0.0
latency_topk,RE2-OB,mem,0.05,15,0.0,0.7333333333333333,1.0,0.6266666666666667,0.43745394936456433,0.9499976642716649,0.913788006891501
latency_topk,RE2-OB,mem,0.1,15,0.0,0.5333333333333333,1.0,0.5866666666666667,0.41443800044868234,0.9000121309832901,0.8306176142112076
latency_topk,RE2-OB,mem,0.25,15,0.0,0.5333333333333333,1.0,0.5866666666666667,0.3453525865556123,0.7499949915623504,0.6009505304949855
latency_topk,RE2-OB,mem,0.5,15,0.0,0.5333333333333333,1.0,0.5866666666666667,0.23023616099563798,0.49998970915784186,0.23223023180279112
latency_topk,RE2-OB,mem,1.0,15,0.0,0.5333333333333333,1.0,0.5866666666666667,0.0,0.0,0.0
latency_topk,RE2-OB,socket,0.05,15,0.0,0.7333333333333333,1.0,0.6533333333333334,0.46083282710236567,0.9499993448994547,0.9133638719920166
latency_topk,RE2-OB,socket,0.1,15,0.0,0.7333333333333333,1.0,0.64,0.4365938662647363,0.9000037671913605,0.8280197996845184
latency_topk,RE2-OB,socket,0.25,15,0.06666666666666667,0.7333333333333333,1.0,0.6533333333333334,0.3638354706792527,0.7499970107243595,0.5928803918925448
latency_topk,RE2-OB,socket,0.5,15,0.13333333333333333,0.7333333333333333,0.9333333333333333,0.6533333333333334,0.2425608304168315,0.49999952464764313,0.24198833032778566
latency_topk,RE2-OB,socket,1.0,15,0.13333333333333333,0.8,1.0,0.6933333333333334,0.0,0.0,0.0
latency_topk,RE2-TT,cpu,0.05,15,0.7333333333333333,0.9333333333333333,0.9333333333333333,0.8933333333333333,0.4673249556449599,0.9499857158990699,0.8672554994167823
latency_topk,RE2-TT,cpu,0.1,15,0.8666666666666667,1.0,1.0,0.9733333333333333,0.4427343230429699,0.9000126232134942,0.7878170782850713
latency_topk,RE2-TT,cpu,0.25,15,0.8666666666666667,1.0,1.0,0.9733333333333333,0.36892354473278993,0.7499891483503079,0.5846467452906453
latency_topk,RE2-TT,cpu,0.5,15,0.8666666666666667,1.0,1.0,0.9733333333333333,0.24596189882086766,0.4999586973230003,0.23160395297734843
latency_topk,RE2-TT,cpu,1.0,15,0.8666666666666667,1.0,1.0,0.9733333333333333,0.0,0.0,0.0
latency_topk,RE2-TT,delay,0.05,15,1.0,1.0,1.0,1.0,0.41541160558761553,0.9500610489873939,0.868498576833134
latency_topk,RE2-TT,delay,0.1,15,1.0,1.0,1.0,1.0,0.39353525767429437,0.9000547468054313,0.8012928597157534
latency_topk,RE2-TT,delay,0.25,15,1.0,1.0,1.0,1.0,0.3279071771269442,0.7499813424704256,0.6042837834270177
latency_topk,RE2-TT,delay,0.5,15,1.0,1.0,1.0,1.0,0.21863619014570085,0.49998345166976527,0.2372109223140691
latency_topk,RE2-TT,delay,1.0,15,1.0,1.0,1.0,1.0,0.0,0.0,0.0
latency_topk,RE2-TT,disk,0.05,15,0.6,0.8,0.8666666666666667,0.7866666666666667,0.4709824262589839,0.9499587111228874,0.8993334835117057
latency_topk,RE2-TT,disk,0.1,15,0.6666666666666666,0.8666666666666667,0.8666666666666667,0.8266666666666667,0.44623506945618274,0.9000199757412326,0.8292419905968831
latency_topk,RE2-TT,disk,0.25,15,0.6666666666666666,0.8666666666666667,0.8666666666666667,0.8266666666666667,0.3718318773265616,0.7499376960938203,0.6393900166774446
latency_topk,RE2-TT,disk,0.5,15,0.8,0.9333333333333333,0.9333333333333333,0.9066666666666666,0.247894270172488,0.49993718573449236,0.2888621753036379
latency_topk,RE2-TT,disk,1.0,15,0.8,0.9333333333333333,1.0,0.92,0.0,0.0,0.0
latency_topk,RE2-TT,loss,0.05,15,0.7333333333333333,1.0,1.0,0.9333333333333333,0.4602191696982879,0.9500202835135776,0.860485828059341
latency_topk,RE2-TT,loss,0.1,15,0.7333333333333333,1.0,1.0,0.92,0.4359647364715399,0.899977018896245,0.7629679803021293
latency_topk,RE2-TT,loss,0.25,15,0.8666666666666667,1.0,1.0,0.9733333333333333,0.3633345007867936,0.7499961472538935,0.49695044559641366
latency_topk,RE2-TT,loss,0.5,15,0.8,1.0,1.0,0.9333333333333333,0.24226122795205135,0.4999729335332563,0.18421467613256173
latency_topk,RE2-TT,loss,1.0,15,0.8,1.0,1.0,0.9333333333333333,0.0,0.0,0.0
latency_topk,RE2-TT,mem,0.05,15,0.8,1.0,1.0,0.9600000000000001,0.46607175216895147,0.9500013792619981,0.8737547950735177
latency_topk,RE2-TT,mem,0.1,15,0.8,1.0,1.0,0.9600000000000001,0.44157182056517735,0.9000031625287218,0.800796291528936
latency_topk,RE2-TT,mem,0.25,15,0.7333333333333333,1.0,1.0,0.9466666666666667,0.3680140554807767,0.7500045009253458,0.5665823549669203
latency_topk,RE2-TT,mem,0.5,15,0.8,1.0,1.0,0.9600000000000001,0.24535907465321044,0.5000091381236504,0.219326015596409
latency_topk,RE2-TT,mem,1.0,15,0.8,1.0,1.0,0.9600000000000001,0.0,0.0,0.0
latency_topk,RE2-TT,socket,0.05,15,0.6,0.9333333333333333,0.9333333333333333,0.84,0.49733492487078185,0.9499946754471509,0.830876305057589
latency_topk,RE2-TT,socket,0.1,15,0.6,0.9333333333333333,0.9333333333333333,0.8533333333333334,0.4711671002622508,0.900006901126177,0.7407512422694816
latency_topk,RE2-TT,socket,0.25,15,0.7333333333333333,1.0,1.0,0.9466666666666667,0.39268737901296386,0.750030890542239,0.5828673393977447
latency_topk,RE2-TT,socket,0.5,15,0.7333333333333333,1.0,1.0,0.9466666666666667,0.2618049009887443,0.49999949940370725,0.2403859044563001
latency_topk,RE2-TT,socket,1.0,15,0.7333333333333333,1.0,1.0,0.9466666666666667,0.0,0.0,0.0
random,RE2-OB,cpu,0.05,15,0.16,0.7733333333333333,0.9933333333333334,0.7040000000000001,0.44302686074969105,0.9499860703974148,0.9500893293442351
random,RE2-OB,cpu,0.1,15,0.12666666666666665,0.7866666666666667,1.0,0.6960000000000001,0.41970550094727227,0.899966773818713,0.8999423344934511
random,RE2-OB,cpu,0.25,15,0.11333333333333333,0.7933333333333333,1.0,0.7013333333333333,0.34975373277904886,0.7500213178002959,0.7496554821452739
random,RE2-OB,cpu,0.5,15,0.07333333333333333,0.8,1.0,0.6946666666666667,0.23316437728955836,0.5000369194928596,0.49956803275589495
random,RE2-OB,cpu,1.0,15,0.06666666666666667,0.8,1.0,0.6933333333333334,0.0,0.0,0.0
random,RE2-OB,delay,0.05,15,0.2,0.4666666666666667,0.8866666666666667,0.552,0.4555068835111116,0.9499959492070775,0.949891522909329
random,RE2-OB,delay,0.1,15,0.2,0.43333333333333335,0.8866666666666667,0.5453333333333333,0.4315389419346051,0.9000099911545482,0.900009347379288
random,RE2-OB,delay,0.25,15,0.2,0.42,0.9133333333333333,0.5546666666666666,0.35961008572207126,0.7499977109071058,0.7499013164837929
random,RE2-OB,delay,0.5,15,0.2,0.46,0.94,0.5693333333333334,0.2397412658663907,0.5000012398733285,0.5001588245907876
random,RE2-OB,delay,1.0,15,0.2,0.4666666666666667,0.9333333333333333,0.5733333333333334,0.0,0.0,0.0
random,RE2-OB,disk,0.05,15,0.18666666666666665,0.7666666666666667,0.9866666666666667,0.6786666666666666,0.4653097715854407,0.949996731468197,0.9499280157960771
random,RE2-OB,disk,0.1,15,0.2,0.7866666666666667,0.9866666666666667,0.6920000000000001,0.4408189118957628,0.8999979390068595,0.8999174350726986
random,RE2-OB,disk,0.25,15,0.2,0.7933333333333333,1.0,0.7040000000000001,0.36735073525531653,0.7500036099896878,0.749915955059979
random,RE2-OB,disk,0.5,15,0.2,0.8,1.0,0.7066666666666667,0.24489748476270826,0.500001524894234,0.5001945257777167
random,RE2-OB,disk,1.0,15,0.2,0.8,1.0,0.7066666666666667,0.0,0.0,0.0
random,RE2-OB,loss,0.05,15,0.19333333333333333,0.5066666666666666,0.8933333333333333,0.5346666666666666,0.42016059998514876,0.9500024201686028,0.9499715159156413
random,RE2-OB,loss,0.1,15,0.16666666666666666,0.49333333333333335,0.9,0.528,0.3980467229457327,0.9000021201374951,0.900055885301026
random,RE2-OB,loss,0.25,15,0.12000000000000001,0.4533333333333333,0.88,0.5026666666666667,0.33170304534547973,0.7499890707731662,0.7499079877401865
random,RE2-OB,loss,0.5,15,0.12666666666666665,0.4533333333333333,0.8733333333333333,0.504,0.22112639074810278,0.4999765302531787,0.499525445937711
random,RE2-OB,loss,1.0,15,0.06666666666666667,0.4666666666666667,0.8666666666666667,0.49333333333333335,0.0,0.0,0.0
random,RE2-OB,mem,0.05,15,0.05333333333333333,0.5466666666666666,0.9666666666666667,0.588,0.43745772596243804,0.9499976642716649,0.9502151304853269
random,RE2-OB,mem,0.1,15,0.05333333333333333,0.56,0.9733333333333333,0.588,0.41443691930423043,0.9000121309832901,0.9004289754090529
random,RE2-OB,mem,0.25,15,0.05333333333333334,0.56,1.0,0.6,0.345356696851252,0.7499949915623504,0.750644844535522
random,RE2-OB,mem,0.5,15,0.02,0.56,1.0,0.5933333333333334,0.23023580260215643,0.49998970915784186,0.5007598124368029
random,RE2-OB,mem,1.0,15,0.0,0.5333333333333333,1.0,0.5866666666666667,0.0,0.0,0.0
random,RE2-OB,socket,0.05,15,0.16666666666666666,0.7133333333333333,0.9533333333333334,0.6413333333333334,0.4608377317524537,0.9499993448994547,0.9498536914337957
random,RE2-OB,socket,0.1,15,0.17333333333333334,0.7333333333333333,0.9733333333333333,0.6533333333333334,0.4365848401490509,0.9000037671913605,0.8997153779349009
random,RE2-OB,socket,0.25,15,0.16666666666666666,0.7333333333333333,0.9866666666666667,0.6666666666666666,0.36381542810714623,0.7499970107243595,0.7497057244095431
random,RE2-OB,socket,0.5,15,0.16,0.7866666666666667,0.9933333333333334,0.6906666666666667,0.24254502192886668,0.49999952464764313,0.4996963703401311
random,RE2-OB,socket,1.0,15,0.13333333333333333,0.8,1.0,0.6933333333333334,0.0,0.0,0.0
random,RE2-TT,cpu,0.05,15,0.8666666666666667,1.0,1.0,0.9733333333333333,0.46731921771861046,0.9499857158990699,0.9504672049870708
random,RE2-TT,cpu,0.1,15,0.8533333333333334,1.0,1.0,0.9706666666666667,0.4427457997064069,0.9000126232134942,0.9009743454874954
random,RE2-TT,cpu,0.25,15,0.8733333333333333,1.0,1.0,0.9746666666666667,0.368945598201887,0.7499891483503079,0.7491896829039039
random,RE2-TT,cpu,0.5,15,0.8866666666666667,1.0,1.0,0.9773333333333334,0.24594639329151474,0.4999586973230003,0.49813684240425843
random,RE2-TT,cpu,1.0,15,0.8666666666666667,1.0,1.0,0.9733333333333333,0.0,0.0,0.0
random,RE2-TT,delay,0.05,15,1.0,1.0,1.0,1.0,0.41541494391400147,0.9500610489873939,0.9504197548277601
random,RE2-TT,delay,0.1,15,1.0,1.0,1.0,1.0,0.3935438629764223,0.9000547468054313,0.8999739865571497
random,RE2-TT,delay,0.25,15,1.0,1.0,1.0,1.0,0.3279378072673879,0.7499813424704256,0.7510376968529895
random,RE2-TT,delay,0.5,15,1.0,1.0,1.0,1.0,0.21863717423685794,0.49998345166976527,0.49954522804465373
random,RE2-TT,delay,1.0,15,1.0,1.0,1.0,1.0,0.0,0.0,0.0
random,RE2-TT,disk,0.05,15,0.6933333333333334,0.9466666666666667,0.9666666666666667,0.892,0.4709865062534155,0.9499587111228874,0.9495002253600645
random,RE2-TT,disk,0.1,15,0.74,0.9600000000000001,0.9733333333333333,0.92,0.446236625641862,0.9000199757412326,0.899753571000624
random,RE2-TT,disk,0.25,15,0.7799999999999999,0.9466666666666667,0.9666666666666667,0.9146666666666667,0.3718343247115896,0.7499376960938203,0.7500972821522247
random,RE2-TT,disk,0.5,15,0.7866666666666667,0.94,0.9666666666666667,0.9133333333333333,0.24787826634001273,0.49993718573449236,0.5008882741654787
random,RE2-TT,disk,1.0,15,0.8,0.9333333333333333,1.0,0.92,0.0,0.0,0.0
random,RE2-TT,loss,0.05,15,0.8333333333333334,0.9466666666666667,0.9733333333333333,0.92,0.4602154589183522,0.9500202835135776,0.9505070632526341
random,RE2-TT,loss,0.1,15,0.8266666666666667,0.9533333333333334,0.9933333333333334,0.9293333333333333,0.4359832461628874,0.899977018896245,0.9007851105331715
random,RE2-TT,loss,0.25,15,0.8133333333333332,1.0,1.0,0.94,0.3633285214421623,0.7499961472538935,0.750557018990915
random,RE2-TT,loss,0.5,15,0.7799999999999999,0.9600000000000001,1.0,0.9239999999999999,0.2422169363039856,0.4999729335332563,0.49939916927684247
random,RE2-TT,loss,1.0,15,0.8,1.0,1.0,0.9333333333333333,0.0,0.0,0.0
random,RE2-TT,mem,0.05,15,0.8466666666666666,1.0,1.0,0.9693333333333334,0.46608439494581727,0.9500013792619981,0.9506138644812065
random,RE2-TT,mem,0.1,15,0.8266666666666667,1.0,1.0,0.9653333333333334,0.4415623608946333,0.900003162528722,0.8999368548722116
random,RE2-TT,mem,0.25,15,0.8133333333333332,1.0,1.0,0.9626666666666667,0.3679701809570414,0.7500045009253458,0.7501854969841906
random,RE2-TT,mem,0.5,15,0.8133333333333332,1.0,1.0,0.9626666666666667,0.2453310368922299,0.5000091381236504,0.5000394115292048
random,RE2-TT,mem,1.0,15,0.8,1.0,1.0,0.9600000000000001,0.0,0.0,0.0
random,RE2-TT,socket,0.05,15,0.7333333333333333,1.0,1.0,0.9466666666666667,0.49734300202805104,0.9499946754471509,0.9511249171548551
random,RE2-TT,socket,0.1,15,0.7333333333333333,1.0,1.0,0.9466666666666668,0.47119041945693385,0.900006901126177,0.9016616510197467
random,RE2-TT,socket,0.25,15,0.7333333333333333,1.0,1.0,0.9466666666666668,0.39267228215916317,0.750030890542239,0.7515810234604582
random,RE2-TT,socket,0.5,15,0.74,1.0,1.0,0.9480000000000001,0.26177717516618165,0.4999994994037072,0.5008124173706386
random,RE2-TT,socket,1.0,15,0.7333333333333333,1.0,1.0,0.9466666666666667,0.0,0.0,0.0
service_aware_abnormality,RE2-OB,cpu,0.05,15,0.0,0.8,1.0,0.68,0.44302571996203344,0.9499860703974149,0.9160296890062631
service_aware_abnormality,RE2-OB,cpu,0.1,15,0.06666666666666667,0.7333333333333333,1.0,0.68,0.41970633623060755,0.899966773818713,0.8369775920085537
service_aware_abnormality,RE2-OB,cpu,0.25,15,0.06666666666666667,0.7333333333333333,1.0,0.68,0.34975074456703564,0.7500213178002959,0.6032954512163463
service_aware_abnormality,RE2-OB,cpu,0.5,15,0.06666666666666667,0.8,1.0,0.6933333333333334,0.23316700329354717,0.5000369194928596,0.23864374522295675
service_aware_abnormality,RE2-OB,cpu,1.0,15,0.06666666666666667,0.8,1.0,0.6933333333333334,0.0,0.0,0.0
service_aware_abnormality,RE2-OB,delay,0.05,15,0.2,0.6,0.8666666666666667,0.6133333333333334,0.45551261406103266,0.9499959492070775,0.9105305070496054
service_aware_abnormality,RE2-OB,delay,0.1,15,0.2,0.4666666666666667,0.8666666666666667,0.56,0.4315430194212027,0.9000099911545482,0.8385891048318297
service_aware_abnormality,RE2-OB,delay,0.25,15,0.2,0.4666666666666667,0.9333333333333333,0.5466666666666667,0.35961687631139083,0.7499977109071058,0.6091272488803768
service_aware_abnormality,RE2-OB,delay,0.5,15,0.2,0.4,0.9333333333333333,0.56,0.2397377621188352,0.5000012398733285,0.24741657252523813
service_aware_abnormality,RE2-OB,delay,1.0,15,0.2,0.4666666666666667,0.9333333333333333,0.5733333333333334,0.0,0.0,0.0
service_aware_abnormality,RE2-OB,disk,0.05,15,0.0,0.7333333333333333,1.0,0.6666666666666666,0.4653069930822955,0.949996731468197,0.9166037756597084
service_aware_abnormality,RE2-OB,disk,0.1,15,0.06666666666666667,0.6666666666666666,1.0,0.6666666666666666,0.44081811950486843,0.8999979390068594,0.8385099527945082
service_aware_abnormality,RE2-OB,disk,0.25,15,0.2,0.8,1.0,0.7066666666666667,0.3673546545168708,0.7500036099896878,0.6023464124104596
service_aware_abnormality,RE2-OB,disk,0.5,15,0.2,0.8,1.0,0.7200000000000001,0.24490548392511452,0.500001524894234,0.24861641555919783
service_aware_abnormality,RE2-OB,disk,1.0,15,0.2,0.8,1.0,0.7066666666666667,0.0,0.0,0.0
service_aware_abnormality,RE2-OB,loss,0.05,15,0.06666666666666667,0.4,0.8,0.48000000000000004,0.42015698407821406,0.9500024201686028,0.9120432482705793
service_aware_abnormality,RE2-OB,loss,0.1,15,0.06666666666666667,0.4,0.8,0.4666666666666667,0.39804119697620793,0.9000021201374951,0.8314896161404337
service_aware_abnormality,RE2-OB,loss,0.25,15,0.2,0.4,0.8666666666666667,0.5066666666666667,0.3316927272598941,0.7499890707731662,0.5705669344833969
service_aware_abnormality,RE2-OB,loss,0.5,15,0.2,0.4666666666666667,0.8666666666666667,0.52,0.22112904420293583,0.4999765302531787,0.20880986624963843
service_aware_abnormality,RE2-OB,loss,1.0,15,0.06666666666666667,0.4666666666666667,0.8666666666666667,0.49333333333333335,0.0,0.0,0.0
service_aware_abnormality,RE2-OB,mem,0.05,15,0.0,0.5333333333333333,1.0,0.6,0.43745394936456433,0.9499976642716649,0.9157233435285479
service_aware_abnormality,RE2-OB,mem,0.1,15,0.0,0.4666666666666667,1.0,0.56,0.414432567199911,0.9000121309832901,0.8362186234381676
service_aware_abnormality,RE2-OB,mem,0.25,15,0.0,0.5333333333333333,1.0,0.5733333333333334,0.3453525865556123,0.7499949915623504,0.5996052379149404
service_aware_abnormality,RE2-OB,mem,0.5,15,0.0,0.5333333333333333,1.0,0.5866666666666667,0.23023061629453093,0.49998970915784186,0.23568745919630804
service_aware_abnormality,RE2-OB,mem,1.0,15,0.0,0.5333333333333333,1.0,0.5866666666666667,0.0,0.0,0.0
service_aware_abnormality,RE2-OB,socket,0.05,15,0.0,0.6,1.0,0.6133333333333334,0.46083282710236567,0.9499993448994547,0.9190313030747714
service_aware_abnormality,RE2-OB,socket,0.1,15,0.0,0.5333333333333333,1.0,0.5866666666666667,0.43658295987581563,0.9000037671913605,0.8401513102971893
service_aware_abnormality,RE2-OB,socket,0.25,15,0.06666666666666667,0.6666666666666666,0.9333333333333333,0.6,0.3638355267955895,0.7499970107243595,0.6010415379100684
service_aware_abnormality,RE2-OB,socket,0.5,15,0.13333333333333333,0.8,1.0,0.6933333333333334,0.2425608304168315,0.49999952464764313,0.24645830066081606
service_aware_abnormality,RE2-OB,socket,1.0,15,0.13333333333333333,0.8,1.0,0.6933333333333334,0.0,0.0,0.0
service_aware_abnormality,RE2-TT,cpu,0.05,15,0.8,0.9333333333333333,0.9333333333333333,0.9066666666666666,0.4673249556449599,0.9499857158990699,0.8504276083328398
service_aware_abnormality,RE2-TT,cpu,0.1,15,0.8,0.9333333333333333,1.0,0.9333333333333333,0.4427343230429699,0.9000126232134942,0.7481655248036005
service_aware_abnormality,RE2-TT,cpu,0.25,15,0.8,1.0,1.0,0.9600000000000001,0.3689238094443073,0.7499891483503079,0.4859603934188097
service_aware_abnormality,RE2-TT,cpu,0.5,15,0.8666666666666667,1.0,1.0,0.9733333333333333,0.24596205419638645,0.4999586973230003,0.16206674600636412
service_aware_abnormality,RE2-TT,cpu,1.0,15,0.8666666666666667,1.0,1.0,0.9733333333333333,0.0,0.0,0.0
service_aware_abnormality,RE2-TT,delay,0.05,15,1.0,1.0,1.0,1.0,0.41541160558761553,0.9500610489873939,0.8965227379967783
service_aware_abnormality,RE2-TT,delay,0.1,15,1.0,1.0,1.0,1.0,0.39353525767429437,0.9000547468054313,0.8336811791333357
service_aware_abnormality,RE2-TT,delay,0.25,15,1.0,1.0,1.0,1.0,0.32789651046027757,0.7499813424704256,0.6501876649290328
service_aware_abnormality,RE2-TT,delay,0.5,15,1.0,1.0,1.0,1.0,0.21860282749286405,0.49998345166976527,0.24989196172018138
service_aware_abnormality,RE2-TT,delay,1.0,15,1.0,1.0,1.0,1.0,0.0,0.0,0.0
service_aware_abnormality,RE2-TT,disk,0.05,15,0.7333333333333333,0.9333333333333333,0.9333333333333333,0.88,0.4710027824930806,0.9499587111228874,0.8749524863685673
service_aware_abnormality,RE2-TT,disk,0.1,15,0.8,0.9333333333333333,0.9333333333333333,0.9066666666666666,0.44624570701531674,0.9000199757412326,0.7831370354998429
service_aware_abnormality,RE2-TT,disk,0.25,15,0.8,0.9333333333333333,0.9333333333333333,0.9066666666666666,0.3718222190380187,0.7499376960938203,0.5618769140776961
service_aware_abnormality,RE2-TT,disk,0.5,15,0.8,0.9333333333333333,0.9333333333333333,0.9066666666666666,0.247894371369029,0.49993718573449236,0.27075454553689615
service_aware_abnormality,RE2-TT,disk,1.0,15,0.8,0.9333333333333333,1.0,0.92,0.0,0.0,0.0
service_aware_abnormality,RE2-TT,loss,0.05,15,0.6666666666666666,0.8,1.0,0.7866666666666667,0.46020608497470267,0.9500202835135776,0.8834254519607943
service_aware_abnormality,RE2-TT,loss,0.1,15,0.7333333333333333,0.8666666666666667,0.8666666666666667,0.8266666666666667,0.43596083701478666,0.899977018896245,0.776879854400784
service_aware_abnormality,RE2-TT,loss,0.25,15,0.7333333333333333,0.8666666666666667,0.8666666666666667,0.84,0.3632918028304911,0.7499961472538935,0.4904367562053267
service_aware_abnormality,RE2-TT,loss,0.5,15,0.8,0.8666666666666667,1.0,0.9066666666666666,0.24224042560946565,0.4999729335332563,0.17059250309829804
service_aware_abnormality,RE2-TT,loss,1.0,15,0.8,1.0,1.0,0.9333333333333333,0.0,0.0,0.0
service_aware_abnormality,RE2-TT,mem,0.05,15,0.6666666666666666,0.8666666666666667,0.9333333333333333,0.8533333333333334,0.46607175216895147,0.9500013792619981,0.8739350635273191
service_aware_abnormality,RE2-TT,mem,0.1,15,0.6666666666666666,0.8666666666666667,0.9333333333333333,0.8533333333333334,0.4415288859867413,0.9000031625287218,0.7660543664474784
service_aware_abnormality,RE2-TT,mem,0.25,15,0.6666666666666666,1.0,1.0,0.92,0.36789757490228775,0.7500045009253458,0.4955374458035278
service_aware_abnormality,RE2-TT,mem,0.5,15,0.8,1.0,1.0,0.9600000000000001,0.24527586878718644,0.5000091381236504,0.15748018459310434
service_aware_abnormality,RE2-TT,mem,1.0,15,0.8,1.0,1.0,0.9600000000000001,0.0,0.0,0.0
service_aware_abnormality,RE2-TT,socket,0.05,15,0.6,1.0,1.0,0.92,0.49733492487078185,0.9499946754471509,0.8966269755160001
service_aware_abnormality,RE2-TT,socket,0.1,15,0.6666666666666666,1.0,1.0,0.9333333333333333,0.4711671002622508,0.900006901126177,0.787744300766213
service_aware_abnormality,RE2-TT,socket,0.25,15,0.7333333333333333,1.0,1.0,0.9466666666666667,0.392647708212717,0.750030890542239,0.5514043225391174
service_aware_abnormality,RE2-TT,socket,0.5,15,0.7333333333333333,1.0,1.0,0.9466666666666667,0.2617843119812628,0.49999949940370725,0.22164967423234047
service_aware_abnormality,RE2-TT,socket,1.0,15,0.7333333333333333,1.0,1.0,0.9466666666666667,0.0,0.0,0.0
