dataset,fault,budget,seeds,cases_per_seed,top1_mean,top3_mean,top5_mean,avg5_mean,avg5_std,total_reduction_mean,post_injection_reduction_mean,avg5_ci95
RE2-OB,cpu,0.05,10,15.0,0.13999999999999999,0.7666666666666667,0.9866666666666667,0.6946666666666668,0.031708549300865745,0.44306682301159006,0.9499860703974148,0.01965316246973318
RE2-OB,cpu,0.1,10,15.0,0.12,0.78,0.9933333333333334,0.6933333333333334,0.022662308949301296,0.4197446468420864,0.8999667738187129,0.014046244610369048
RE2-OB,cpu,0.15,10,15.0,0.12,0.7933333333333333,1.0,0.6986666666666668,0.020073937405575473,0.3964251774754103,0.8499529573684252,0.012441955306616861
RE2-OB,cpu,0.2,10,15.0,0.09333333333333334,0.8,1.0,0.6946666666666668,0.011674600476945494,0.37311115341700035,0.800040529186011,0.0072359923428086245
RE2-OB,cpu,0.25,10,15.0,0.11333333333333333,0.8,1.0,0.6986666666666668,0.012881223774390573,0.34978905517851455,0.7500213178002959,0.007983865210767483
RE2-OB,cpu,0.35,10,15.0,0.1,0.8,1.0,0.6986666666666667,0.006885303726590938,0.30314740964233483,0.6499882047713063,0.0042675554629822325
RE2-OB,cpu,0.5,10,15.0,0.07333333333333333,0.8,1.0,0.6946666666666668,0.004216370213557837,0.23318901707547815,0.5000369194928596,0.0026133333333333317
RE2-OB,cpu,0.75,10,15.0,0.06666666666666667,0.8,1.0,0.692,0.004216370213557786,0.11659720748699169,0.24997868219970423,0.0026133333333333
RE2-OB,cpu,1.0,10,15.0,0.06666666666666667,0.8,1.0,0.6933333333333334,0.0,0.0,0.0,0.0
RE2-OB,delay,0.05,10,15.0,0.2,0.49333333333333335,0.9,0.5599999999999999,0.029481109247603544,0.4555460733632045,0.9499959492070775,0.018272580821453298
RE2-OB,delay,0.1,10,15.0,0.2,0.45999999999999996,0.8933333333333333,0.5573333333333333,0.028665805327283713,0.43157647872337457,0.9000099911545482,0.017767250216252178
RE2-OB,delay,0.15,10,15.0,0.2,0.4533333333333333,0.8933333333333333,0.5493333333333333,0.03130100775406046,0.40759274812772694,0.8499938182995599,0.01940056560203883
RE2-OB,delay,0.2,10,15.0,0.2,0.45999999999999996,0.9266666666666667,0.5706666666666667,0.01513723232526788,0.3836203561929141,0.800001993010912,0.00938215379731876
RE2-OB,delay,0.25,10,15.0,0.2,0.45999999999999996,0.9266666666666667,0.56,0.02666666666666665,0.35964223133230416,0.7499977109071058,0.016528171237146717
RE2-OB,delay,0.35,10,15.0,0.2,0.45999999999999996,0.9333333333333333,0.5626666666666666,0.016390301257409545,0.311686361833692,0.6499909867654651,0.010158813967908235
RE2-OB,delay,0.5,10,15.0,0.2,0.42000000000000004,0.9400000000000001,0.5573333333333335,0.018645490634135998,0.23976311713974857,0.5000012398733285,0.011556594825060574
RE2-OB,delay,0.75,10,15.0,0.2,0.44000000000000006,0.9333333333333333,0.5573333333333335,0.010517475169954877,0.11988191369685612,0.2500022890928943,0.0065187986471794915
RE2-OB,delay,1.0,10,15.0,0.2,0.4666666666666667,0.9333333333333333,0.5733333333333334,0.0,0.0,0.0,0.0
RE2-OB,disk,0.05,10,15.0,0.18666666666666668,0.76,1.0,0.6826666666666666,0.012252487779635779,0.46535487244441576,0.949996731468197,0.007594170603857545
RE2-OB,disk,0.1,10,15.0,0.19333333333333333,0.78,0.9933333333333334,0.692,0.025492676266133295,0.4408631960978527,0.8999979390068594,0.0158005244482424
RE2-OB,disk,0.15,10,15.0,0.2,0.78,0.9933333333333334,0.6946666666666667,0.021268419758231828,0.41636902391865044,0.8499945808449499,0.013182303139033893
RE2-OB,disk,0.2,10,15.0,0.19333333333333333,0.8,1.0,0.7,0.009428090415820625,0.3918777156530396,0.7999971618437195,0.005843590981199445
RE2-OB,disk,0.25,10,15.0,0.2,0.8,1.0,0.704,0.008432740427115707,0.3673887318804271,0.7500036099896878,0.005226666666666684
RE2-OB,disk,0.35,10,15.0,0.2,0.8,1.0,0.7053333333333334,0.004216370213557815,0.3184004875429661,0.6499973809385567,0.0026133333333333186
RE2-OB,disk,0.5,10,15.0,0.2,0.8,1.0,0.7066666666666667,0.0,0.2449256182754956,0.500001524894234,0.0
RE2-OB,disk,0.75,10,15.0,0.2,0.8,1.0,0.7066666666666667,0.0,0.12246027588021913,0.2499963900103123,0.0
RE2-OB,disk,1.0,10,15.0,0.2,0.8,1.0,0.7066666666666667,0.0,0.0,0.0,0.0
RE2-OB,loss,0.05,10,15.0,0.18666666666666668,0.49333333333333335,0.8800000000000001,0.5253333333333334,0.03337774818758858,0.420225776069633,0.9500024201686028,0.020687742658306047
RE2-OB,loss,0.1,10,15.0,0.15333333333333335,0.4866666666666667,0.9,0.532,0.029110262922333898,0.39810998896762695,0.900002120137495,0.018042727887701174
RE2-OB,loss,0.15,10,15.0,0.17333333333333334,0.44000000000000006,0.9199999999999999,0.52,0.025141574442188366,0.37599019048224075,0.8500000035857778,0.01558290928319854
RE2-OB,loss,0.2,10,15.0,0.14666666666666667,0.45999999999999996,0.9,0.5106666666666666,0.0235597480545752,0.3538770035529795,0.8000053494571289,0.014602483130627002
RE2-OB,loss,0.25,10,15.0,0.13999999999999999,0.4666666666666667,0.9,0.512,0.019064542746246416,0.3317532601839522,0.7499890707731662,0.011816326015044912
RE2-OB,loss,0.35,10,15.0,0.1,0.45999999999999996,0.8800000000000001,0.5013333333333334,0.02195393606262836,0.28752422873012434,0.6500054137268375,0.013607190546468464
RE2-OB,loss,0.5,10,15.0,0.08,0.45999999999999996,0.8866666666666667,0.5,0.012957670877433996,0.22116318012911043,0.4999765302531786,0.00803124761613069
RE2-OB,loss,0.75,10,15.0,0.08666666666666667,0.4666666666666667,0.8666666666666668,0.4986666666666667,0.011243653902820911,0.11058972574661216,0.2500109292268338,0.006968888888888893
RE2-OB,loss,1.0,10,15.0,0.06666666666666667,0.4666666666666667,0.8666666666666668,0.49333333333333335,0.0,0.0,0.0,0.0
RE2-OB,mem,0.05,10,15.0,0.05333333333333333,0.5266666666666666,0.9533333333333334,0.5760000000000001,0.028665805327283734,0.43749821112839926,0.9499976642716648,0.01776725021625219
RE2-OB,mem,0.1,10,15.0,0.013333333333333332,0.5333333333333333,0.9933333333333334,0.5786666666666667,0.016865480854231334,0.414476828963746,0.90001213098329,0.010453333333333318
RE2-OB,mem,0.15,10,15.0,0.03333333333333333,0.5866666666666667,0.9933333333333334,0.6013333333333334,0.011674600476945539,0.39144756754563553,0.8500013012042376,0.007235992342808652
RE2-OB,mem,0.2,10,15.0,0.013333333333333332,0.5599999999999999,1.0,0.5933333333333334,0.007027283689263057,0.3684173376695972,0.7999972005754007,0.00435555555555555
RE2-OB,mem,0.25,10,15.0,0.04,0.5533333333333333,0.9933333333333334,0.5946666666666667,0.009322745317068015,0.3453914150706759,0.7499949915623504,0.005778297412530296
RE2-OB,mem,0.35,10,15.0,0.02,0.5466666666666666,1.0,0.5933333333333334,0.01133115447465066,0.29934396959682186,0.6500068684166812,0.00702312230518453
RE2-OB,mem,0.5,10,15.0,0.013333333333333332,0.5533333333333333,1.0,0.592,0.01124365390282088,0.23025853597341026,0.49998970915784186,0.0069688888888888734
RE2-OB,mem,0.75,10,15.0,0.006666666666666666,0.5466666666666666,1.0,0.5906666666666667,0.008999314102807403,0.11513277373820882,0.25000500843764956,0.005577832669052634
RE2-OB,mem,1.0,10,15.0,0.0,0.5333333333333333,1.0,0.5866666666666667,0.0,0.0,0.0,0.0
RE2-OB,socket,0.05,10,15.0,0.16666666666666669,0.7066666666666667,0.96,0.6306666666666667,0.044020197384584465,0.4608876211960812,0.9499993448994546,0.027284001009952895
RE2-OB,socket,0.1,10,15.0,0.17333333333333334,0.7066666666666667,0.9733333333333334,0.648,0.0356664935959802,0.4366322431890669,0.9000037671913607,0.022106321759360923
RE2-OB,socket,0.15,10,15.0,0.16666666666666669,0.7533333333333333,0.9866666666666667,0.6679999999999999,0.02305120440869318,0.4123734531884187,0.8499986552120931,0.014287284513350717
RE2-OB,socket,0.2,10,15.0,0.17333333333333334,0.7533333333333333,1.0,0.6773333333333333,0.019676394329936585,0.3881126817605434,0.7999922799251904,0.012195555555555555
RE2-OB,socket,0.25,10,15.0,0.17333333333333334,0.7533333333333333,0.9800000000000001,0.6746666666666667,0.02754121490636383,0.36385737137852736,0.7499970107243595,0.017070221851928975
RE2-OB,socket,0.35,10,15.0,0.16,0.7733333333333333,1.0,0.6799999999999999,0.014054567378526134,0.3153459456779915,0.6500019060157131,0.008711111111111112
RE2-OB,socket,0.5,10,15.0,0.15333333333333335,0.76,0.9800000000000001,0.6746666666666667,0.021953936062628403,0.24257185595240127,0.49999952464764313,0.01360719054646849
RE2-OB,socket,0.75,10,15.0,0.15333333333333335,0.78,1.0,0.6933333333333334,0.00888888888888887,0.1212882460972641,0.2500029892756404,0.005509390412382231
RE2-OB,socket,1.0,10,15.0,0.13333333333333333,0.8,1.0,0.6933333333333334,0.0,0.0,0.0,0.0
RE2-TT,cpu,0.05,10,15.0,0.8533333333333333,1.0,1.0,0.9693333333333334,0.012649110640673497,0.4674568352069561,0.9499857158990699,0.007839999999999986
RE2-TT,cpu,0.1,10,15.0,0.8333333333333334,1.0,1.0,0.9666666666666668,0.00942809041582059,0.442866202604966,0.9000126232134942,0.005843590981199422
RE2-TT,cpu,0.15,10,15.0,0.86,1.0,1.0,0.9720000000000001,0.009838197164968266,0.41825543801652876,0.8499956588648502,0.006097777777777763
RE2-TT,cpu,0.2,10,15.0,0.8733333333333334,1.0,1.0,0.9746666666666666,0.011674600476945482,0.39364596926090417,0.7999848830169959,0.007235992342808617
RE2-TT,cpu,0.25,10,15.0,0.8533333333333333,1.0,1.0,0.9706666666666667,0.010517475169954852,0.36904502063269706,0.7499891483503079,0.006518798647179476
RE2-TT,cpu,0.35,10,15.0,0.8800000000000001,1.0,1.0,0.976,0.008432740427115675,0.31984436211376016,0.6500011112503622,0.005226666666666664
RE2-TT,cpu,0.5,10,15.0,0.8733333333333334,1.0,1.0,0.9746666666666666,0.007568616162633934,0.24601313497711214,0.4999586973230003,0.004691076898659377
RE2-TT,cpu,0.75,10,15.0,0.8733333333333334,1.0,1.0,0.9746666666666666,0.004216370213557863,0.12302206379770428,0.250010851649692,0.0026133333333333477
RE2-TT,cpu,1.0,10,15.0,0.8666666666666668,1.0,1.0,0.9733333333333333,0.0,0.0,0.0,0.0
RE2-TT,delay,0.05,10,15.0,1.0,1.0,1.0,1.0,0.0,0.41556868920079887,0.9500610489873939,0.0
RE2-TT,delay,0.1,10,15.0,1.0,1.0,1.0,1.0,0.0,0.3936923412874777,0.9000547468054313,0.0
RE2-TT,delay,0.15,10,15.0,1.0,1.0,1.0,1.0,0.0,0.37182461308032855,0.8500612181472216,0.0
RE2-TT,delay,0.2,10,15.0,1.0,1.0,1.0,1.0,0.0,0.3499088308366122,0.7999410602119459,0.0
RE2-TT,delay,0.25,10,15.0,1.0,1.0,1.0,1.0,0.0,0.32805359407346096,0.7499813424704256,0.0
RE2-TT,delay,0.35,10,15.0,1.0,1.0,1.0,1.0,0.0,0.2843312936196159,0.650030013934242,0.0
RE2-TT,delay,0.5,10,15.0,1.0,1.0,1.0,1.0,0.0,0.21870402393872337,0.49998345166976527,0.0
RE2-TT,delay,0.75,10,15.0,1.0,1.0,1.0,1.0,0.0,0.10935995101261335,0.25001865752957436,0.0
RE2-TT,delay,1.0,10,15.0,1.0,1.0,1.0,1.0,0.0,0.0,0.0,0.0
RE2-TT,disk,0.05,10,15.0,0.6733333333333332,0.9266666666666667,0.9400000000000001,0.8733333333333334,0.041335722750529456,0.47113492697757503,0.9499587111228875,0.025620146393698973
RE2-TT,disk,0.1,10,15.0,0.7533333333333333,0.9266666666666667,0.96,0.8973333333333333,0.028144249242644578,0.4463676904471262,0.9000199757412325,0.01744398640587625
RE2-TT,disk,0.15,10,15.0,0.76,0.9466666666666667,0.96,0.9133333333333333,0.026851213274654652,0.4215595929369226,0.8499989134013368,0.016642554409823977
RE2-TT,disk,0.2,10,15.0,0.7666666666666667,0.9266666666666667,0.9400000000000001,0.8986666666666666,0.019064542746246423,0.3967624667090116,0.7999999361546748,0.011816326015044915
RE2-TT,disk,0.25,10,15.0,0.76,0.9466666666666667,0.9666666666666666,0.916,0.03145837932299804,0.37193401968891066,0.7499376960938203,0.019498105511011034
RE2-TT,disk,0.35,10,15.0,0.7733333333333333,0.9533333333333334,0.9733333333333334,0.9213333333333333,0.022177733244221627,0.3223588039091624,0.6499785181973629,0.013745901476709625
RE2-TT,disk,0.5,10,15.0,0.7866666666666667,0.9400000000000001,0.96,0.9133333333333333,0.014401645996461916,0.24794542980960346,0.4999371857344924,0.008926232667235919
RE2-TT,disk,0.75,10,15.0,0.7733333333333333,0.9333333333333333,0.9733333333333334,0.9093333333333333,0.005621826951410491,0.12401906465501215,0.2500623039061796,0.0034844444444444684
RE2-TT,disk,1.0,10,15.0,0.8,0.9333333333333333,1.0,0.9200000000000002,0.0,0.0,0.0,0.0
RE2-TT,loss,0.05,10,15.0,0.8400000000000001,0.9199999999999999,0.9533333333333334,0.9106666666666667,0.04124003807879839,0.4604369573157692,0.9500202835135776,0.025560840419731175
RE2-TT,loss,0.1,10,15.0,0.86,0.9400000000000001,0.9666666666666666,0.9253333333333333,0.046698401907782044,0.43618252408902125,0.899977018896245,0.028943969371234543
RE2-TT,loss,0.15,10,15.0,0.8466666666666667,0.9333333333333333,0.9733333333333334,0.9119999999999999,0.04453324462177902,0.4119600619882286,0.8499973024098229,0.02760199098204402
RE2-TT,loss,0.2,10,15.0,0.8266666666666668,0.9466666666666667,0.9933333333333334,0.9266666666666667,0.03399346342395191,0.38773594949775414,0.8000149566508796,0.02106936691555355
RE2-TT,loss,0.25,10,15.0,0.8400000000000001,0.96,0.9866666666666667,0.9306666666666666,0.025762447548781212,0.36349386676930634,0.7499961472538935,0.015967730421535008
RE2-TT,loss,0.35,10,15.0,0.82,0.9666666666666666,1.0,0.9333333333333333,0.026666666666666717,0.31501703337369336,0.649972934137013,0.01652817123714676
RE2-TT,loss,0.5,10,15.0,0.8133333333333332,0.9666666666666666,1.0,0.9306666666666666,0.027968235951204037,0.2423188003409999,0.4999729335332563,0.017334892237590886
RE2-TT,loss,0.75,10,15.0,0.8133333333333332,0.9666666666666666,1.0,0.9333333333333333,0.015396007178390021,0.1211655526472554,0.25000385274610654,0.009542544112978894
RE2-TT,loss,1.0,10,15.0,0.8,1.0,1.0,0.9333333333333333,0.0,0.0,0.0,0.0
RE2-TT,mem,0.05,10,15.0,0.8333333333333334,1.0,1.0,0.9666666666666666,0.014401645996461907,0.466335400239607,0.9500013792619981,0.008926232667235913
RE2-TT,mem,0.1,10,15.0,0.8466666666666667,1.0,1.0,0.9693333333333334,0.008999314102807299,0.4417925340573968,0.9000031625287217,0.005577832669052569
RE2-TT,mem,0.15,10,15.0,0.8333333333333334,1.0,1.0,0.9666666666666666,0.007027283689263,0.41724867487532596,0.8500034342389153,0.0043555555555555145
RE2-TT,mem,0.2,10,15.0,0.8200000000000001,1.0,1.0,0.9640000000000001,0.006440611887195259,0.3926942408233068,0.7999818767090242,0.003991932605383724
RE2-TT,mem,0.25,10,15.0,0.8266666666666668,1.0,1.0,0.9653333333333334,0.006885303726590901,0.36816122297294335,0.7500045009253458,0.004267555462982209
RE2-TT,mem,0.35,10,15.0,0.8266666666666668,1.0,1.0,0.9653333333333334,0.006885303726590895,0.3190852161785465,0.65002870441596,0.004267555462982206
RE2-TT,mem,0.5,10,15.0,0.8266666666666668,1.0,1.0,0.9653333333333334,0.006885303726590902,0.24544398969983933,0.5000091381236504,0.00426755546298221
RE2-TT,mem,0.75,10,15.0,0.8,1.0,1.0,0.9600000000000002,0.0,0.12271744049380082,0.24999549907465432,0.0
RE2-TT,mem,1.0,10,15.0,0.8,1.0,1.0,0.9600000000000002,0.0,0.0,0.0,0.0
RE2-TT,socket,0.05,10,15.0,0.7666666666666667,1.0,1.0,0.9533333333333334,0.011331154474650666,0.49751549533223577,0.9499946754471509,0.007023122305184534
RE2-TT,socket,0.1,10,15.0,0.7466666666666667,1.0,1.0,0.9493333333333334,0.008432740427115708,0.47134767072370465,0.900006901126177,0.005226666666666685
RE2-TT,socket,0.15,10,15.0,0.7533333333333333,1.0,1.0,0.9506666666666668,0.006440611887195355,0.44514211792908515,0.8499817941796582,0.003991932605383784
RE2-TT,socket,0.2,10,15.0,0.74,1.0,1.0,0.9480000000000001,0.0042163702135578724,0.41898423211327857,0.8000161896643186,0.0026133333333333538
RE2-TT,socket,0.25,10,15.0,0.7466666666666667,1.0,1.0,0.9493333333333334,0.005621826951410491,0.39279865625035637,0.750030890542239,0.0034844444444444684
RE2-TT,socket,0.35,10,15.0,0.7266666666666666,1.0,1.0,0.9453333333333334,0.004216370213557837,0.34042529432806906,0.6500189480453358,0.0026133333333333317
RE2-TT,socket,0.5,10,15.0,0.74,1.0,1.0,0.9480000000000001,0.004216370213557862,0.2618555121267653,0.49999949940370725,0.0026133333333333473
RE2-TT,socket,0.75,10,15.0,0.7333333333333333,1.0,1.0,0.9466666666666667,0.0,0.1309126580954117,0.24996910945776102,0.0
RE2-TT,socket,1.0,10,15.0,0.7333333333333333,1.0,1.0,0.9466666666666667,0.0,0.0,0.0,0.0
