dataset,budget,seed,cases,top1,top3,top5,avg5,total_reduction,post_injection_reduction
RE2-OB,0.05,2026,90,0.15555555555555556,0.6,0.9111111111111111,0.5888888888888889,0.4470965628688873,0.9499963634020686
RE2-OB,0.05,2027,90,0.13333333333333333,0.6111111111111112,0.9333333333333333,0.6,0.4470965628688873,0.9499963634020686
RE2-OB,0.05,2028,90,0.14444444444444443,0.6444444444444445,0.9555555555555556,0.6133333333333334,0.4470965628688873,0.9499963634020686
RE2-OB,0.05,2029,90,0.13333333333333333,0.6,0.9222222222222223,0.5844444444444444,0.4470965628688873,0.9499963634020686
RE2-OB,0.05,2030,90,0.15555555555555556,0.6444444444444445,0.9444444444444444,0.6155555555555555,0.4470965628688873,0.9499963634020686
RE2-OB,0.05,2031,90,0.16666666666666666,0.6666666666666666,0.9888888888888889,0.6488888888888888,0.4470965628688873,0.9499963634020686
RE2-OB,0.05,2032,90,0.18888888888888888,0.6222222222222222,0.9555555555555556,0.6266666666666667,0.4470965628688873,0.9499963634020686
RE2-OB,0.05,2033,90,0.15555555555555556,0.6333333333333333,0.9666666666666667,0.62,0.4470965628688873,0.9499963634020686
RE2-OB,0.05,2034,90,0.15555555555555556,0.6111111111111112,0.9555555555555556,0.6111111111111112,0.4470965628688873,0.9499963634020686
RE2-OB,0.05,2035,90,0.16666666666666666,0.6111111111111112,0.9333333333333333,0.6066666666666667,0.4470965628688873,0.9499963634020686
RE2-OB,0.1,2026,90,0.13333333333333333,0.6111111111111112,0.9555555555555556,0.6088888888888889,0.4235672304639589,0.8999987870487112
RE2-OB,0.1,2027,90,0.14444444444444443,0.6444444444444445,0.9333333333333333,0.62,0.4235672304639589,0.8999987870487112
RE2-OB,0.1,2028,90,0.13333333333333333,0.6555555555555556,0.9666666666666667,0.6266666666666667,0.4235672304639589,0.8999987870487112
RE2-OB,0.1,2029,90,0.14444444444444443,0.6333333333333333,0.9555555555555556,0.6222222222222222,0.4235672304639589,0.8999987870487112
RE2-OB,0.1,2030,90,0.14444444444444443,0.6111111111111112,0.9555555555555556,0.6177777777777778,0.4235672304639589,0.8999987870487112
RE2-OB,0.1,2031,90,0.15555555555555556,0.6222222222222222,0.9777777777777777,0.6244444444444445,0.4235672304639589,0.8999987870487112
RE2-OB,0.1,2032,90,0.13333333333333333,0.6555555555555556,0.9777777777777777,0.6288888888888889,0.4235672304639589,0.8999987870487112
RE2-OB,0.1,2033,90,0.15555555555555556,0.5666666666666667,0.9333333333333333,0.5866666666666667,0.4235672304639589,0.8999987870487112
RE2-OB,0.1,2034,90,0.12222222222222222,0.6333333333333333,0.9555555555555556,0.6177777777777778,0.4235672304639589,0.8999987870487112
RE2-OB,0.1,2035,90,0.15555555555555556,0.6111111111111112,0.9666666666666667,0.6155555555555555,0.4235672304639589,0.8999987870487112
RE2-OB,0.15,2026,90,0.16666666666666666,0.6444444444444445,0.9444444444444444,0.6266666666666667,0.40003302678968045,0.849990219419174
RE2-OB,0.15,2027,90,0.16666666666666666,0.6333333333333333,0.9444444444444444,0.6222222222222222,0.40003302678968045,0.849990219419174
RE2-OB,0.15,2028,90,0.12222222222222222,0.6222222222222222,0.9666666666666667,0.6177777777777778,0.40003302678968045,0.849990219419174
RE2-OB,0.15,2029,90,0.15555555555555556,0.6444444444444445,0.9777777777777777,0.6244444444444445,0.40003302678968045,0.849990219419174
RE2-OB,0.15,2030,90,0.15555555555555556,0.6333333333333333,0.9777777777777777,0.6288888888888889,0.40003302678968045,0.849990219419174
RE2-OB,0.15,2031,90,0.13333333333333333,0.6333333333333333,0.9777777777777777,0.6266666666666667,0.40003302678968045,0.849990219419174
RE2-OB,0.15,2032,90,0.14444444444444443,0.6333333333333333,0.9777777777777777,0.6222222222222222,0.40003302678968045,0.849990219419174
RE2-OB,0.15,2033,90,0.17777777777777778,0.6555555555555556,0.9666666666666667,0.6377777777777778,0.40003302678968045,0.849990219419174
RE2-OB,0.15,2034,90,0.12222222222222222,0.6333333333333333,0.9666666666666667,0.6111111111111112,0.40003302678968045,0.849990219419174
RE2-OB,0.15,2035,90,0.14444444444444443,0.6111111111111112,0.9444444444444444,0.6022222222222222,0.40003302678968045,0.849990219419174
RE2-OB,0.2,2026,90,0.15555555555555556,0.6555555555555556,0.9777777777777777,0.6333333333333333,0.3765027080410123,0.8000057523330605
RE2-OB,0.2,2027,90,0.12222222222222222,0.6111111111111112,0.9666666666666667,0.6155555555555555,0.3765027080410123,0.8000057523330605
RE2-OB,0.2,2028,90,0.13333333333333333,0.6555555555555556,0.9666666666666667,0.6177777777777778,0.3765027080410123,0.8000057523330605
RE2-OB,0.2,2029,90,0.13333333333333333,0.6333333333333333,0.9777777777777777,0.6244444444444445,0.3765027080410123,0.8000057523330605
RE2-OB,0.2,2030,90,0.13333333333333333,0.6555555555555556,0.9666666666666667,0.6266666666666667,0.3765027080410123,0.8000057523330605
RE2-OB,0.2,2031,90,0.13333333333333333,0.6111111111111112,0.9666666666666667,0.6177777777777778,0.3765027080410123,0.8000057523330605
RE2-OB,0.2,2032,90,0.15555555555555556,0.6555555555555556,0.9777777777777777,0.6355555555555555,0.3765027080410123,0.8000057523330605
RE2-OB,0.2,2033,90,0.15555555555555556,0.6333333333333333,0.9777777777777777,0.6311111111111112,0.3765027080410123,0.8000057523330605
RE2-OB,0.2,2034,90,0.12222222222222222,0.6222222222222222,0.9666666666666667,0.6177777777777778,0.3765027080410123,0.8000057523330605
RE2-OB,0.2,2035,90,0.12222222222222222,0.6555555555555556,0.9666666666666667,0.6244444444444445,0.3765027080410123,0.8000057523330605
RE2-OB,0.25,2026,90,0.13333333333333333,0.6444444444444445,0.9777777777777777,0.6266666666666667,0.35297034417073353,0.7500006186261609
RE2-OB,0.25,2027,90,0.16666666666666666,0.6555555555555556,0.9444444444444444,0.6266666666666667,0.35297034417073353,0.7500006186261609
RE2-OB,0.25,2028,90,0.14444444444444443,0.6555555555555556,0.9555555555555556,0.6266666666666667,0.35297034417073353,0.7500006186261609
RE2-OB,0.25,2029,90,0.15555555555555556,0.6444444444444445,0.9777777777777777,0.6288888888888889,0.35297034417073353,0.7500006186261609
RE2-OB,0.25,2030,90,0.13333333333333333,0.6444444444444445,0.9666666666666667,0.6244444444444445,0.35297034417073353,0.7500006186261609
RE2-OB,0.25,2031,90,0.12222222222222222,0.6111111111111112,0.9333333333333333,0.6022222222222222,0.35297034417073353,0.7500006186261609
RE2-OB,0.25,2032,90,0.15555555555555556,0.6333333333333333,0.9666666666666667,0.6244444444444445,0.35297034417073353,0.7500006186261609
RE2-OB,0.25,2033,90,0.14444444444444443,0.6222222222222222,0.9888888888888889,0.62,0.35297034417073353,0.7500006186261609
RE2-OB,0.25,2034,90,0.15555555555555556,0.6444444444444445,0.9777777777777777,0.6333333333333333,0.35297034417073353,0.7500006186261609
RE2-OB,0.25,2035,90,0.13333333333333333,0.6333333333333333,0.9777777777777777,0.6266666666666667,0.35297034417073353,0.7500006186261609
RE2-OB,0.35,2026,90,0.12222222222222222,0.6555555555555556,0.9555555555555556,0.6244444444444445,0.3059080671706551,0.64999846010576
RE2-OB,0.35,2027,90,0.13333333333333333,0.6333333333333333,0.9555555555555556,0.62,0.3059080671706551,0.64999846010576
RE2-OB,0.35,2028,90,0.1111111111111111,0.6333333333333333,0.9666666666666667,0.6133333333333334,0.3059080671706551,0.64999846010576
RE2-OB,0.35,2029,90,0.1111111111111111,0.6333333333333333,0.9555555555555556,0.6133333333333334,0.3059080671706551,0.64999846010576
RE2-OB,0.35,2030,90,0.13333333333333333,0.6333333333333333,0.9555555555555556,0.6244444444444445,0.3059080671706551,0.64999846010576
RE2-OB,0.35,2031,90,0.13333333333333333,0.6222222222222222,0.9888888888888889,0.6288888888888889,0.3059080671706551,0.64999846010576
RE2-OB,0.35,2032,90,0.12222222222222222,0.6555555555555556,0.9777777777777777,0.6288888888888889,0.3059080671706551,0.64999846010576
RE2-OB,0.35,2033,90,0.14444444444444443,0.6555555555555556,0.9777777777777777,0.6244444444444445,0.3059080671706551,0.64999846010576
RE2-OB,0.35,2034,90,0.14444444444444443,0.6333333333333333,0.9777777777777777,0.6333333333333333,0.3059080671706551,0.64999846010576
RE2-OB,0.35,2035,90,0.14444444444444443,0.6444444444444445,0.9777777777777777,0.6244444444444445,0.3059080671706551,0.64999846010576
RE2-OB,0.5,2026,90,0.1111111111111111,0.6444444444444445,0.9666666666666667,0.6222222222222222,0.23531188742427406,0.500000908053181
RE2-OB,0.5,2027,90,0.12222222222222222,0.6111111111111112,0.9666666666666667,0.6155555555555555,0.23531188742427406,0.500000908053181
RE2-OB,0.5,2028,90,0.12222222222222222,0.6333333333333333,0.9555555555555556,0.6177777777777778,0.23531188742427406,0.500000908053181
RE2-OB,0.5,2029,90,0.12222222222222222,0.6333333333333333,0.9888888888888889,0.6288888888888889,0.23531188742427406,0.500000908053181
RE2-OB,0.5,2030,90,0.12222222222222222,0.6222222222222222,0.9666666666666667,0.62,0.23531188742427406,0.500000908053181
RE2-OB,0.5,2031,90,0.13333333333333333,0.6333333333333333,0.9555555555555556,0.6222222222222222,0.23531188742427406,0.500000908053181
RE2-OB,0.5,2032,90,0.1111111111111111,0.6333333333333333,0.9666666666666667,0.6177777777777778,0.23531188742427406,0.500000908053181
RE2-OB,0.5,2033,90,0.12222222222222222,0.6333333333333333,0.9777777777777777,0.6244444444444445,0.23531188742427406,0.500000908053181
RE2-OB,0.5,2034,90,0.1111111111111111,0.6444444444444445,0.9666666666666667,0.6177777777777778,0.23531188742427406,0.500000908053181
RE2-OB,0.5,2035,90,0.12222222222222222,0.6333333333333333,0.9666666666666667,0.6222222222222222,0.23531188742427406,0.500000908053181
RE2-OB,0.75,2026,90,0.1111111111111111,0.6444444444444445,0.9666666666666667,0.6177777777777778,0.11765835710769201,0.24999938137383906
RE2-OB,0.75,2027,90,0.12222222222222222,0.6444444444444445,0.9666666666666667,0.6244444444444445,0.11765835710769201,0.24999938137383906
RE2-OB,0.75,2028,90,0.12222222222222222,0.6555555555555556,0.9666666666666667,0.6266666666666667,0.11765835710769201,0.24999938137383906
RE2-OB,0.75,2029,90,0.12222222222222222,0.6444444444444445,0.9666666666666667,0.6266666666666667,0.11765835710769201,0.24999938137383906
RE2-OB,0.75,2030,90,0.1111111111111111,0.6222222222222222,0.9666666666666667,0.62,0.11765835710769201,0.24999938137383906
RE2-OB,0.75,2031,90,0.12222222222222222,0.6333333333333333,0.9666666666666667,0.6244444444444445,0.11765835710769201,0.24999938137383906
RE2-OB,0.75,2032,90,0.1111111111111111,0.6444444444444445,0.9666666666666667,0.6222222222222222,0.11765835710769201,0.24999938137383906
RE2-OB,0.75,2033,90,0.1111111111111111,0.6333333333333333,0.9555555555555556,0.6177777777777778,0.11765835710769201,0.24999938137383906
RE2-OB,0.75,2034,90,0.12222222222222222,0.6444444444444445,0.9666666666666667,0.6222222222222222,0.11765835710769201,0.24999938137383906
RE2-OB,0.75,2035,90,0.13333333333333333,0.6222222222222222,0.9777777777777777,0.6288888888888889,0.11765835710769201,0.24999938137383906
RE2-OB,1.0,2026,90,0.1111111111111111,0.6444444444444445,0.9666666666666667,0.6244444444444445,0.0,0.0
RE2-OB,1.0,2027,90,0.1111111111111111,0.6444444444444445,0.9666666666666667,0.6244444444444445,0.0,0.0
RE2-OB,1.0,2028,90,0.1111111111111111,0.6444444444444445,0.9666666666666667,0.6244444444444445,0.0,0.0
RE2-OB,1.0,2029,90,0.1111111111111111,0.6444444444444445,0.9666666666666667,0.6244444444444445,0.0,0.0
RE2-OB,1.0,2030,90,0.1111111111111111,0.6444444444444445,0.9666666666666667,0.6244444444444445,0.0,0.0
RE2-OB,1.0,2031,90,0.1111111111111111,0.6444444444444445,0.9666666666666667,0.6244444444444445,0.0,0.0
RE2-OB,1.0,2032,90,0.1111111111111111,0.6444444444444445,0.9666666666666667,0.6244444444444445,0.0,0.0
RE2-OB,1.0,2033,90,0.1111111111111111,0.6444444444444445,0.9666666666666667,0.6244444444444445,0.0,0.0
RE2-OB,1.0,2034,90,0.1111111111111111,0.6444444444444445,0.9666666666666667,0.6244444444444445,0.0,0.0
RE2-OB,1.0,2035,90,0.1111111111111111,0.6444444444444445,0.9666666666666667,0.6244444444444445,0.0,0.0
RE2-TT,0.05,2026,90,0.8222222222222222,0.9666666666666667,0.9777777777777777,0.9355555555555556,0.46307471737882366,0.9500036357053463
RE2-TT,0.05,2027,90,0.8222222222222222,0.9777777777777777,0.9888888888888889,0.9466666666666667,0.46307471737882366,0.9500036357053463
RE2-TT,0.05,2028,90,0.8444444444444444,0.9777777777777777,0.9888888888888889,0.9533333333333333,0.46307471737882366,0.9500036357053463
RE2-TT,0.05,2029,90,0.8222222222222222,0.9888888888888889,0.9888888888888889,0.9533333333333333,0.46307471737882366,0.9500036357053463
RE2-TT,0.05,2030,90,0.8666666666666667,0.9666666666666667,0.9888888888888889,0.9555555555555556,0.46307471737882366,0.9500036357053463
RE2-TT,0.05,2031,90,0.8222222222222222,0.9777777777777777,0.9777777777777777,0.9444444444444444,0.46307471737882366,0.9500036357053463
RE2-TT,0.05,2032,90,0.8333333333333334,0.9555555555555556,0.9777777777777777,0.9355555555555556,0.46307471737882366,0.9500036357053463
RE2-TT,0.05,2033,90,0.8222222222222222,0.9888888888888889,0.9888888888888889,0.9555555555555556,0.46307471737882366,0.9500036357053463
RE2-TT,0.05,2034,90,0.8333333333333334,0.9888888888888889,0.9888888888888889,0.9533333333333333,0.46307471737882366,0.9500036357053463
RE2-TT,0.05,2035,90,0.7888888888888889,0.9555555555555556,0.9555555555555556,0.9222222222222223,0.46307471737882366,0.9500036357053463
RE2-TT,0.1,2026,90,0.8555555555555555,0.9777777777777777,0.9777777777777777,0.951111111111111,0.43870816053494877,0.9000124047185504
RE2-TT,0.1,2027,90,0.8444444444444444,0.9777777777777777,0.9777777777777777,0.951111111111111,0.43870816053494877,0.9000124047185504
RE2-TT,0.1,2028,90,0.8333333333333334,0.9777777777777777,0.9888888888888889,0.948888888888889,0.43870816053494877,0.9000124047185504
RE2-TT,0.1,2029,90,0.8444444444444444,0.9888888888888889,0.9888888888888889,0.9600000000000001,0.43870816053494877,0.9000124047185504
RE2-TT,0.1,2030,90,0.8333333333333334,0.9666666666666667,0.9666666666666667,0.9377777777777778,0.43870816053494877,0.9000124047185504
RE2-TT,0.1,2031,90,0.8111111111111111,0.9888888888888889,1.0,0.948888888888889,0.43870816053494877,0.9000124047185504
RE2-TT,0.1,2032,90,0.8666666666666667,0.9777777777777777,0.9888888888888889,0.9555555555555556,0.43870816053494877,0.9000124047185504
RE2-TT,0.1,2033,90,0.8444444444444444,0.9666666666666667,0.9888888888888889,0.951111111111111,0.43870816053494877,0.9000124047185504
RE2-TT,0.1,2034,90,0.8222222222222222,0.9777777777777777,1.0,0.951111111111111,0.43870816053494877,0.9000124047185504
RE2-TT,0.1,2035,90,0.8444444444444444,0.9777777777777777,1.0,0.9577777777777778,0.43870816053494877,0.9000124047185504
RE2-TT,0.15,2026,90,0.8333333333333334,0.9777777777777777,1.0,0.9533333333333333,0.41433174980440324,0.8500063868736342
RE2-TT,0.15,2027,90,0.8444444444444444,0.9777777777777777,0.9777777777777777,0.948888888888889,0.41433174980440324,0.8500063868736342
RE2-TT,0.15,2028,90,0.8777777777777778,0.9888888888888889,0.9888888888888889,0.9666666666666667,0.41433174980440324,0.8500063868736342
RE2-TT,0.15,2029,90,0.8444444444444444,0.9777777777777777,0.9777777777777777,0.948888888888889,0.41433174980440324,0.8500063868736342
RE2-TT,0.15,2030,90,0.8222222222222222,0.9777777777777777,1.0,0.948888888888889,0.41433174980440324,0.8500063868736342
RE2-TT,0.15,2031,90,0.8333333333333334,0.9777777777777777,1.0,0.948888888888889,0.41433174980440324,0.8500063868736342
RE2-TT,0.15,2032,90,0.8111111111111111,0.9777777777777777,0.9888888888888889,0.9444444444444444,0.41433174980440324,0.8500063868736342
RE2-TT,0.15,2033,90,0.8555555555555555,0.9666666666666667,0.9777777777777777,0.9466666666666667,0.41433174980440324,0.8500063868736342
RE2-TT,0.15,2034,90,0.8444444444444444,1.0,1.0,0.9666666666666667,0.41433174980440324,0.8500063868736342
RE2-TT,0.15,2035,90,0.8555555555555555,0.9777777777777777,0.9777777777777777,0.951111111111111,0.41433174980440324,0.8500063868736342
RE2-TT,0.2,2026,90,0.8333333333333334,0.9777777777777777,0.9888888888888889,0.9533333333333333,0.3899552815401445,0.7999898170679731
RE2-TT,0.2,2027,90,0.8555555555555555,0.9777777777777777,0.9888888888888889,0.9533333333333333,0.3899552815401445,0.7999898170679731
RE2-TT,0.2,2028,90,0.8111111111111111,0.9777777777777777,0.9888888888888889,0.9422222222222222,0.3899552815401445,0.7999898170679731
RE2-TT,0.2,2029,90,0.8444444444444444,0.9777777777777777,0.9888888888888889,0.9555555555555556,0.3899552815401445,0.7999898170679731
RE2-TT,0.2,2030,90,0.8555555555555555,0.9888888888888889,0.9888888888888889,0.9600000000000001,0.3899552815401445,0.7999898170679731
RE2-TT,0.2,2031,90,0.8333333333333334,0.9777777777777777,0.9777777777777777,0.9466666666666667,0.3899552815401445,0.7999898170679731
RE2-TT,0.2,2032,90,0.7888888888888889,0.9666666666666667,0.9888888888888889,0.9355555555555556,0.3899552815401445,0.7999898170679731
RE2-TT,0.2,2033,90,0.8555555555555555,0.9888888888888889,1.0,0.9644444444444444,0.3899552815401445,0.7999898170679731
RE2-TT,0.2,2034,90,0.8666666666666667,0.9777777777777777,0.9888888888888889,0.9577777777777778,0.3899552815401445,0.7999898170679731
RE2-TT,0.2,2035,90,0.8333333333333334,0.9777777777777777,0.9888888888888889,0.951111111111111,0.3899552815401445,0.7999898170679731
RE2-TT,0.25,2026,90,0.8222222222222222,0.9888888888888889,1.0,0.9533333333333333,0.36558106339794577,0.749989954272672
RE2-TT,0.25,2027,90,0.8444444444444444,0.9777777777777777,0.9888888888888889,0.951111111111111,0.36558106339794577,0.749989954272672
RE2-TT,0.25,2028,90,0.8444444444444444,0.9888888888888889,0.9888888888888889,0.9600000000000001,0.36558106339794577,0.749989954272672
RE2-TT,0.25,2029,90,0.8222222222222222,0.9888888888888889,0.9888888888888889,0.9555555555555556,0.36558106339794577,0.749989954272672
RE2-TT,0.25,2030,90,0.8222222222222222,0.9888888888888889,1.0,0.9533333333333333,0.36558106339794577,0.749989954272672
RE2-TT,0.25,2031,90,0.8444444444444444,0.9777777777777777,0.9888888888888889,0.9533333333333333,0.36558106339794577,0.749989954272672
RE2-TT,0.25,2032,90,0.8555555555555555,0.9888888888888889,1.0,0.9644444444444444,0.36558106339794577,0.749989954272672
RE2-TT,0.25,2033,90,0.8666666666666667,0.9888888888888889,0.9888888888888889,0.9622222222222222,0.36558106339794577,0.749989954272672
RE2-TT,0.25,2034,90,0.8333333333333334,0.9777777777777777,0.9888888888888889,0.951111111111111,0.36558106339794577,0.749989954272672
RE2-TT,0.25,2035,90,0.8222222222222222,0.9777777777777777,0.9888888888888889,0.948888888888889,0.36558106339794577,0.749989954272672
RE2-TT,0.35,2026,90,0.8444444444444444,0.9888888888888889,1.0,0.9577777777777778,0.3168436672538079,0.650005038330046
RE2-TT,0.35,2027,90,0.8,0.9888888888888889,1.0,0.9533333333333333,0.3168436672538079,0.650005038330046
RE2-TT,0.35,2028,90,0.8666666666666667,0.9777777777777777,0.9888888888888889,0.9555555555555556,0.3168436672538079,0.650005038330046
RE2-TT,0.35,2029,90,0.8444444444444444,0.9888888888888889,0.9888888888888889,0.9577777777777778,0.3168436672538079,0.650005038330046
RE2-TT,0.35,2030,90,0.8222222222222222,0.9777777777777777,1.0,0.948888888888889,0.3168436672538079,0.650005038330046
RE2-TT,0.35,2031,90,0.8222222222222222,0.9888888888888889,1.0,0.9577777777777778,0.3168436672538079,0.650005038330046
RE2-TT,0.35,2032,90,0.8666666666666667,0.9888888888888889,0.9888888888888889,0.9644444444444444,0.3168436672538079,0.650005038330046
RE2-TT,0.35,2033,90,0.8333333333333334,0.9888888888888889,1.0,0.9600000000000001,0.3168436672538079,0.650005038330046
RE2-TT,0.35,2034,90,0.8444444444444444,0.9888888888888889,1.0,0.9600000000000001,0.3168436672538079,0.650005038330046
RE2-TT,0.35,2035,90,0.8333333333333334,0.9888888888888889,0.9888888888888889,0.9533333333333333,0.3168436672538079,0.650005038330046
RE2-TT,0.5,2026,90,0.8444444444444444,0.9888888888888889,0.9888888888888889,0.9555555555555556,0.24371348181550725,0.49997681763131196
RE2-TT,0.5,2027,90,0.8444444444444444,0.9777777777777777,0.9888888888888889,0.9533333333333333,0.24371348181550725,0.49997681763131196
RE2-TT,0.5,2028,90,0.8444444444444444,0.9777777777777777,0.9888888888888889,0.951111111111111,0.24371348181550725,0.49997681763131196
RE2-TT,0.5,2029,90,0.8333333333333334,0.9888888888888889,0.9888888888888889,0.9555555555555556,0.24371348181550725,0.49997681763131196
RE2-TT,0.5,2030,90,0.8333333333333334,0.9888888888888889,1.0,0.9533333333333333,0.24371348181550725,0.49997681763131196
RE2-TT,0.5,2031,90,0.8444444444444444,0.9888888888888889,1.0,0.9600000000000001,0.24371348181550725,0.49997681763131196
RE2-TT,0.5,2032,90,0.8333333333333334,0.9888888888888889,0.9888888888888889,0.9533333333333333,0.24371348181550725,0.49997681763131196
RE2-TT,0.5,2033,90,0.8333333333333334,0.9777777777777777,1.0,0.9555555555555556,0.24371348181550725,0.49997681763131196
RE2-TT,0.5,2034,90,0.8444444444444444,0.9888888888888889,0.9888888888888889,0.9600000000000001,0.24371348181550725,0.49997681763131196
RE2-TT,0.5,2035,90,0.8444444444444444,0.9777777777777777,1.0,0.9555555555555556,0.24371348181550725,0.49997681763131196
RE2-TT,0.75,2026,90,0.8222222222222222,0.9777777777777777,1.0,0.951111111111111,0.12186612178363296,0.250010045727328
RE2-TT,0.75,2027,90,0.8333333333333334,0.9777777777777777,1.0,0.9533333333333333,0.12186612178363296,0.250010045727328
RE2-TT,0.75,2028,90,0.8222222222222222,0.9888888888888889,1.0,0.9555555555555556,0.12186612178363296,0.250010045727328
RE2-TT,0.75,2029,90,0.8222222222222222,0.9777777777777777,1.0,0.951111111111111,0.12186612178363296,0.250010045727328
RE2-TT,0.75,2030,90,0.8333333333333334,0.9777777777777777,0.9888888888888889,0.951111111111111,0.12186612178363296,0.250010045727328
RE2-TT,0.75,2031,90,0.8333333333333334,0.9888888888888889,0.9888888888888889,0.9555555555555556,0.12186612178363296,0.250010045727328
RE2-TT,0.75,2032,90,0.8555555555555555,0.9888888888888889,1.0,0.9622222222222222,0.12186612178363296,0.250010045727328
RE2-TT,0.75,2033,90,0.8333333333333334,0.9888888888888889,0.9888888888888889,0.9533333333333333,0.12186612178363296,0.250010045727328
RE2-TT,0.75,2034,90,0.8333333333333334,0.9777777777777777,0.9888888888888889,0.951111111111111,0.12186612178363296,0.250010045727328
RE2-TT,0.75,2035,90,0.8333333333333334,0.9888888888888889,1.0,0.9555555555555556,0.12186612178363296,0.250010045727328
RE2-TT,1.0,2026,90,0.8333333333333334,0.9888888888888889,1.0,0.9555555555555556,0.0,0.0
RE2-TT,1.0,2027,90,0.8333333333333334,0.9888888888888889,1.0,0.9555555555555556,0.0,0.0
RE2-TT,1.0,2028,90,0.8333333333333334,0.9888888888888889,1.0,0.9555555555555556,0.0,0.0
RE2-TT,1.0,2029,90,0.8333333333333334,0.9888888888888889,1.0,0.9555555555555556,0.0,0.0
RE2-TT,1.0,2030,90,0.8333333333333334,0.9888888888888889,1.0,0.9555555555555556,0.0,0.0
RE2-TT,1.0,2031,90,0.8333333333333334,0.9888888888888889,1.0,0.9555555555555556,0.0,0.0
RE2-TT,1.0,2032,90,0.8333333333333334,0.9888888888888889,1.0,0.9555555555555556,0.0,0.0
RE2-TT,1.0,2033,90,0.8333333333333334,0.9888888888888889,1.0,0.9555555555555556,0.0,0.0
RE2-TT,1.0,2034,90,0.8333333333333334,0.9888888888888889,1.0,0.9555555555555556,0.0,0.0
RE2-TT,1.0,2035,90,0.8333333333333334,0.9888888888888889,1.0,0.9555555555555556,0.0,0.0
